competition,match_id,date,season,team,opponent,win,chase,close_game,run_diff,runs,legal_balls_faced,runs_allowed,legal_balls_bowled,wickets_lost,wickets_taken,dot_balls_bat,dot_balls_bowl,boundaries,pp_runs,pp_legal_balls,death_runs,death_legal_balls,fielding_dismissals,run_rate,runs_per_ball,dot_ball_rate_bat,dot_ball_rate_bowl,bowler_wkts_per_match,powerplay_economy,death_economy,runs_allowed_per_legal_ball,boundary_rate_per_ball,death_run_rate,powerplay_run_rate,fielding_dismissals_per_match,n_matches,EDGE
CPL,1011497,2016-07-21,2016,St Lucia Zouks,St Kitts and Nevis Patriots,1,0,0,35,174,120,139,120,9,9,44,46,20,56,36,57,30,16,8.7,1.45,0.36666666666666664,0.38333333333333336,9,9.333333333333334,11.399999999999999,1.1583333333333334,0.16666666666666666,11.399999999999999,9.333333333333334,16,9,73.71794871794873
CPL,1011497,2016-07-21,2016,St Kitts and Nevis Patriots,St Lucia Zouks,0,1,0,-35,139,120,174,120,9,9,46,44,14,46,36,20,30,16,6.950000000000001,1.1583333333333334,0.38333333333333336,0.36666666666666664,9,7.666666666666666,4.0,1.45,0.11666666666666667,4.0,7.666666666666666,16,8,30.128205128205128
CPL,1011501,2016-07-24,2016,Guyana Amazon Warriors,St Lucia Zouks,0,0,0,-3,159,120,162,97,5,1,46,22,20,28,36,48,30,3,7.949999999999999,1.325,0.38333333333333336,0.2268041237113402,1,4.666666666666667,9.600000000000001,1.6701030927835052,0.16666666666666666,9.600000000000001,4.666666666666667,3,9,0.641025641025641
CPL,1011501,2016-07-24,2016,St Lucia Zouks,Guyana Amazon Warriors,1,1,0,3,162,97,159,120,1,5,22,46,19,47,36,12,7,3,10.02061855670103,1.6701030927835052,0.2268041237113402,0.38333333333333336,5,7.833333333333334,10.285714285714285,1.325,0.1958762886597938,10.285714285714285,7.833333333333334,3,9,73.71794871794873
CPL,1011503,2016-07-26,2016,St Lucia Zouks,Trinbago Knight Riders,0,0,1,-1,167,120,168,114,6,7,33,45,15,47,36,60,30,8,8.35,1.3916666666666666,0.275,0.39473684210526316,7,7.833333333333334,12.0,1.4736842105263157,0.125,12.0,7.833333333333334,8,9,73.71794871794873
CPL,1011503,2016-07-26,2016,Trinbago Knight Riders,St Lucia Zouks,1,1,1,1,168,114,167,120,7,6,45,33,21,38,36,50,24,8,8.842105263157894,1.4736842105263157,0.39473684210526316,0.275,6,6.333333333333334,12.5,1.3916666666666666,0.18421052631578946,12.5,6.333333333333334,8,12,72.43589743589743
CPL,1018873,2016-07-10,2016,Trinbago Knight Riders,Guyana Amazon Warriors,1,0,1,7,151,120,144,120,4,9,36,51,15,36,36,54,30,8,7.55,1.2583333333333333,0.3,0.425,9,6.0,10.8,1.2,0.125,10.8,6.0,8,12,72.43589743589743
CPL,1018873,2016-07-10,2016,Guyana Amazon Warriors,Trinbago Knight Riders,0,1,1,-7,144,120,151,120,9,4,51,36,15,28,36,56,30,8,7.199999999999999,1.2,0.425,0.3,4,4.666666666666667,11.2,1.2583333333333333,0.125,11.2,4.666666666666667,8,9,0.641025641025641
CPL,1019645,2016-07-13,2016,Barbados Tridents,St Kitts and Nevis Patriots,1,0,0,25,180,120,155,120,6,8,42,41,22,34,36,61,30,9,9.0,1.5,0.35,0.3416666666666667,8,5.666666666666666,12.2,1.2916666666666667,0.18333333333333332,12.2,5.666666666666666,9,7,28.846153846153843
CPL,1019645,2016-07-13,2016,St Kitts and Nevis Patriots,Barbados Tridents,0,1,0,-25,155,120,180,120,8,6,41,42,17,55,36,41,30,9,7.75,1.2916666666666667,0.3416666666666667,0.35,6,9.166666666666666,8.2,1.5,0.14166666666666666,8.2,9.166666666666666,9,8,30.128205128205128
CPL,1019647,2016-07-16,2016,Barbados Tridents,Trinbago Knight Riders,0,0,0,-1,172,120,173,106,4,3,38,26,18,32,36,59,30,6,8.6,1.4333333333333333,0.31666666666666665,0.24528301886792453,3,5.333333333333333,11.799999999999999,1.6320754716981132,0.15,11.799999999999999,5.333333333333333,6,7,28.846153846153843
CPL,1019647,2016-07-16,2016,Trinbago Knight Riders,Barbados Tridents,1,1,0,1,173,106,172,120,3,4,26,38,19,52,36,28,16,6,9.79245283018868,1.6320754716981132,0.24528301886792453,0.31666666666666665,4,8.666666666666666,10.5,1.4333333333333333,0.1792452830188679,10.5,8.666666666666666,6,12,72.43589743589743
CPL,1019649,2016-07-17,2016,Barbados Tridents,St Lucia Zouks,1,0,0,25,173,120,148,120,5,8,38,50,22,28,36,60,30,7,8.65,1.4416666666666667,0.31666666666666665,0.4166666666666667,8,4.666666666666667,12.0,1.2333333333333334,0.18333333333333332,12.0,4.666666666666667,7,7,28.846153846153843
CPL,1019649,2016-07-17,2016,St Lucia Zouks,Barbados Tridents,0,1,0,-25,148,120,173,120,8,5,50,38,15,36,36,43,30,7,7.4,1.2333333333333334,0.4166666666666667,0.31666666666666665,5,6.0,8.6,1.4416666666666667,0.125,8.6,6.0,7,9,73.71794871794873
CPL,1019769,2016-07-15,2016,Guyana Amazon Warriors,Jamaica Tallawahs,0,0,0,-4,128,120,132,95,6,5,50,36,12,46,36,37,30,7,6.4,1.0666666666666667,0.4166666666666667,0.37894736842105264,5,7.666666666666666,7.4,1.3894736842105264,0.1,7.4,7.666666666666666,7,9,0.641025641025641
CPL,1019769,2016-07-15,2016,Jamaica Tallawahs,Guyana Amazon Warriors,1,1,0,4,132,95,128,120,5,6,36,50,17,60,36,9,5,7,8.336842105263159,1.3894736842105264,0.37894736842105264,0.4166666666666667,6,10.0,10.8,1.0666666666666667,0.17894736842105263,10.8,10.0,7,11,96.7948717948718
CPL,1019771,2016-07-16,2016,Jamaica Tallawahs,St Kitts and Nevis Patriots,1,0,0,108,183,120,75,95,6,10,43,58,24,59,36,52,30,12,9.149999999999999,1.525,0.35833333333333334,0.6105263157894737,10,9.833333333333332,10.4,0.7894736842105263,0.2,10.4,9.833333333333332,12,11,96.7948717948718
CPL,1019771,2016-07-16,2016,St Kitts and Nevis Patriots,Jamaica Tallawahs,0,1,0,-108,75,95,183,120,10,6,58,43,9,33,36,0,5,12,4.7368421052631575,0.7894736842105263,0.6105263157894737,0.35833333333333334,6,5.5,0.0,1.525,0.09473684210526316,0.0,5.5,12,8,30.128205128205128
CPL,1019773,2016-07-18,2016,Jamaica Tallawahs,Trinbago Knight Riders,1,0,0,19,158,120,139,120,7,9,56,52,19,43,36,48,30,15,7.9,1.3166666666666667,0.4666666666666667,0.43333333333333335,9,7.166666666666666,9.600000000000001,1.1583333333333334,0.15833333333333333,9.600000000000001,7.166666666666666,15,11,96.7948717948718
CPL,1019773,2016-07-18,2016,Trinbago Knight Riders,Jamaica Tallawahs,0,1,0,-19,139,120,158,120,9,7,52,56,14,40,36,32,30,15,6.950000000000001,1.1583333333333334,0.43333333333333335,0.4666666666666667,7,6.666666666666667,6.4,1.3166666666666667,0.11666666666666667,6.4,6.666666666666667,15,12,72.43589743589743
CPL,1019775,2016-07-20,2016,Jamaica Tallawahs,Barbados Tridents,1,0,0,36,195,108,159,106,5,10,33,41,27,58,36,44,18,13,10.833333333333334,1.8055555555555556,0.3055555555555556,0.3867924528301887,10,9.666666666666668,14.666666666666668,1.5,0.25,14.666666666666668,9.666666666666668,13,11,96.7948717948718
CPL,1019775,2016-07-20,2016,Barbados Tridents,Jamaica Tallawahs,0,1,0,-36,159,106,195,108,10,5,41,33,19,44,36,24,16,13,9.0,1.5,0.3867924528301887,0.3055555555555556,5,7.333333333333334,9.0,1.8055555555555556,0.1792452830188679,9.0,7.333333333333334,13,7,28.846153846153843
CPL,1025665,2016-08-03,2016,Guyana Amazon Warriors,Jamaica Tallawahs,1,1,0,4,150,118,146,120,6,8,42,46,13,41,36,57,28,11,7.627118644067796,1.271186440677966,0.3559322033898305,0.38333333333333336,8,6.833333333333333,12.214285714285714,1.2166666666666666,0.11016949152542373,12.214285714285714,6.833333333333333,11,9,0.641025641025641
CPL,1025665,2016-08-03,2016,Jamaica Tallawahs,Guyana Amazon Warriors,0,0,0,-4,146,120,150,118,8,6,46,42,11,41,36,42,30,11,7.299999999999999,1.2166666666666666,0.38333333333333336,0.3559322033898305,6,6.833333333333333,8.399999999999999,1.271186440677966,0.09166666666666666,8.399999999999999,6.833333333333333,11,11,96.7948717948718
CPL,1025667,2016-08-04,2016,St Lucia Zouks,Trinbago Knight Riders,0,0,0,-1,164,120,165,111,8,5,47,34,19,52,36,59,30,11,8.2,1.3666666666666667,0.39166666666666666,0.3063063063063063,5,8.666666666666666,11.799999999999999,1.4864864864864864,0.15833333333333333,11.799999999999999,8.666666666666666,11,9,73.71794871794873
CPL,1025667,2016-08-04,2016,Trinbago Knight Riders,St Lucia Zouks,1,1,0,1,165,111,164,120,5,8,34,47,22,68,36,32,21,11,8.91891891891892,1.4864864864864864,0.3063063063063063,0.39166666666666666,8,11.333333333333332,9.142857142857142,1.3666666666666667,0.1981981981981982,9.142857142857142,11.333333333333332,11,12,72.43589743589743
CPL,1025669,2016-08-05,2016,Jamaica Tallawahs,Trinbago Knight Riders,1,0,0,85,195,120,110,72,7,7,47,21,24,52,36,65,30,11,9.75,1.625,0.39166666666666666,0.2916666666666667,7,8.666666666666666,13.0,1.5277777777777777,0.2,13.0,8.666666666666666,11,11,96.7948717948718
CPL,1025669,2016-08-05,2016,Trinbago Knight Riders,Jamaica Tallawahs,0,1,0,-85,110,72,195,120,7,7,21,47,13,51,36,0,0,11,9.166666666666666,1.5277777777777777,0.2916666666666667,0.39166666666666666,7,8.5,,1.625,0.18055555555555555,,8.5,11,12,72.43589743589743
CPL,1025671,2016-08-07,2016,Guyana Amazon Warriors,Jamaica Tallawahs,0,0,0,-2,93,97,95,77,10,1,49,36,11,34,36,4,7,7,5.752577319587629,0.9587628865979382,0.5051546391752577,0.4675324675324675,1,5.666666666666666,3.4285714285714284,1.2337662337662338,0.1134020618556701,3.4285714285714284,5.666666666666666,7,9,0.641025641025641
CPL,1025671,2016-08-07,2016,Jamaica Tallawahs,Guyana Amazon Warriors,1,1,0,2,95,77,93,97,1,10,36,49,12,47,36,0,0,7,7.402597402597403,1.2337662337662338,0.4675324675324675,0.5051546391752577,10,7.833333333333334,,0.9587628865979382,0.15584415584415584,,7.833333333333334,7,11,96.7948717948718
CPL,1025983,2016-06-29,2016,Trinbago Knight Riders,St Lucia Zouks,0,0,0,-2,162,120,164,115,6,4,41,39,15,39,36,54,30,8,8.100000000000001,1.35,0.3416666666666667,0.3391304347826087,4,6.5,10.8,1.4260869565217391,0.125,10.8,6.5,8,12,72.43589743589743
CPL,1025983,2016-06-29,2016,St Lucia Zouks,Trinbago Knight Riders,1,1,0,2,164,115,162,120,4,6,39,41,18,51,36,45,25,8,8.556521739130435,1.4260869565217391,0.3391304347826087,0.3416666666666667,6,8.5,10.8,1.35,0.1565217391304348,10.8,8.5,8,9,73.71794871794873
CPL,1025985,2016-07-01,2016,Trinbago Knight Riders,Barbados Tridents,1,0,0,11,170,120,159,120,5,8,36,41,18,25,36,76,30,8,8.5,1.4166666666666667,0.3,0.3416666666666667,8,4.166666666666666,15.2,1.325,0.15,15.2,4.166666666666666,8,12,72.43589743589743
CPL,1025985,2016-07-01,2016,Barbados Tridents,Trinbago Knight Riders,0,1,0,-11,159,120,170,120,8,5,41,36,15,42,36,59,30,8,7.949999999999999,1.325,0.3416666666666667,0.3,5,7.0,11.799999999999999,1.4166666666666667,0.125,11.799999999999999,7.0,8,7,28.846153846153843
CPL,1025987,2016-07-02,2016,Trinbago Knight Riders,Guyana Amazon Warriors,0,0,0,-4,162,120,166,116,5,4,40,41,16,36,36,48,30,4,8.100000000000001,1.35,0.3333333333333333,0.35344827586206895,4,6.0,9.600000000000001,1.4310344827586208,0.13333333333333333,9.600000000000001,6.0,4,12,72.43589743589743
CPL,1025987,2016-07-02,2016,Guyana Amazon Warriors,Trinbago Knight Riders,1,1,0,4,166,116,162,120,4,5,41,40,19,50,36,44,26,4,8.586206896551724,1.4310344827586208,0.35344827586206895,0.3333333333333333,5,8.333333333333332,10.153846153846153,1.35,0.16379310344827586,10.153846153846153,8.333333333333332,4,9,0.641025641025641
CPL,1025989,2016-07-04,2016,Trinbago Knight Riders,Jamaica Tallawahs,0,0,0,-1,191,120,192,110,4,3,32,40,25,52,36,62,30,3,9.549999999999999,1.5916666666666666,0.26666666666666666,0.36363636363636365,3,8.666666666666666,12.400000000000002,1.7454545454545454,0.20833333333333334,12.400000000000002,8.666666666666666,3,12,72.43589743589743
CPL,1025989,2016-07-04,2016,Jamaica Tallawahs,Trinbago Knight Riders,1,1,0,1,192,110,191,120,3,4,40,32,26,33,36,42,20,3,10.472727272727273,1.7454545454545454,0.36363636363636365,0.26666666666666666,4,5.5,12.600000000000001,1.5916666666666666,0.23636363636363636,12.600000000000001,5.5,3,11,96.7948717948718
CPL,1094672,2017-08-04,2017,St Lucia Stars,Trinbago Knight Riders,0,0,0,-5,132,120,137,64,9,1,62,19,14,47,36,40,30,5,6.6000000000000005,1.1,0.5166666666666667,0.296875,1,7.833333333333334,8.0,2.140625,0.11666666666666667,8.0,7.833333333333334,5,9,1.9230769230769231
CPL,1094672,2017-08-04,2017,Trinbago Knight Riders,St Lucia Stars,1,1,0,5,137,64,132,120,1,9,19,62,19,57,36,0,0,5,12.84375,2.140625,0.296875,0.5166666666666667,9,9.5,,1.1,0.296875,,9.5,5,13,94.23076923076923
CPL,1094673,2017-08-05,2017,Guyana Amazon Warriors,St Kitts and Nevis Patriots,0,0,0,-1,123,120,124,114,7,6,42,48,10,42,36,37,30,8,6.1499999999999995,1.025,0.35,0.42105263157894735,6,7.0,7.4,1.087719298245614,0.08333333333333333,7.4,7.0,8,12,44.230769230769226
CPL,1094673,2017-08-05,2017,St Kitts and Nevis Patriots,Guyana Amazon Warriors,1,1,0,1,124,114,123,120,6,7,48,42,12,35,36,30,24,8,6.526315789473685,1.087719298245614,0.42105263157894735,0.35,7,5.833333333333333,7.5,1.025,0.10526315789473684,7.5,5.833333333333333,8,11,68.58974358974359
CPL,1094674,2017-08-05,2017,Barbados Tridents,Jamaica Tallawahs,1,0,0,12,142,120,130,120,7,6,42,48,16,32,36,54,30,7,7.1,1.1833333333333333,0.35,0.4,6,5.333333333333333,10.8,1.0833333333333333,0.13333333333333333,10.8,5.333333333333333,7,10,53.205128205128204
CPL,1094674,2017-08-05,2017,Jamaica Tallawahs,Barbados Tridents,0,1,0,-12,130,120,142,120,6,7,48,42,12,48,36,40,30,7,6.5,1.0833333333333333,0.4,0.35,7,8.0,8.0,1.1833333333333333,0.1,8.0,8.0,7,11,48.07692307692308
CPL,1094675,2017-08-06,2017,St Kitts and Nevis Patriots,Guyana Amazon Warriors,1,0,1,4,132,120,128,120,3,8,45,49,11,25,36,49,30,6,6.6000000000000005,1.1,0.375,0.4083333333333333,8,4.166666666666666,9.8,1.0666666666666667,0.09166666666666666,9.8,4.166666666666666,6,11,68.58974358974359
CPL,1094675,2017-08-06,2017,Guyana Amazon Warriors,St Kitts and Nevis Patriots,0,1,1,-4,128,120,132,120,8,3,49,45,9,28,36,30,30,6,6.4,1.0666666666666667,0.4083333333333333,0.375,3,4.666666666666667,6.0,1.1,0.075,6.0,4.666666666666667,6,12,44.230769230769226
CPL,1094676,2017-08-06,2017,Jamaica Tallawahs,Barbados Tridents,1,0,0,12,154,120,142,120,5,10,47,46,18,45,36,54,30,9,7.700000000000001,1.2833333333333334,0.39166666666666666,0.38333333333333336,10,7.5,10.8,1.1833333333333333,0.15,10.8,7.5,9,11,48.07692307692308
CPL,1094676,2017-08-06,2017,Barbados Tridents,Jamaica Tallawahs,0,1,0,-12,142,120,154,120,10,5,46,47,12,34,36,45,30,9,7.1,1.1833333333333333,0.38333333333333336,0.39166666666666666,5,5.666666666666666,9.0,1.2833333333333334,0.1,9.0,5.666666666666666,9,10,53.205128205128204
CPL,1094677,2017-08-07,2017,St Lucia Stars,Trinbago Knight Riders,0,0,0,-2,118,120,120,94,9,6,54,45,10,33,36,37,30,5,5.8999999999999995,0.9833333333333333,0.45,0.4787234042553192,6,5.5,7.4,1.2765957446808511,0.08333333333333333,7.4,5.5,5,9,1.9230769230769231
CPL,1094677,2017-08-07,2017,Trinbago Knight Riders,St Lucia Stars,1,1,0,2,120,94,118,120,6,9,45,54,13,52,36,16,4,5,7.659574468085107,1.2765957446808511,0.4787234042553192,0.45,9,8.666666666666666,24.0,0.9833333333333333,0.13829787234042554,24.0,8.666666666666666,5,13,94.23076923076923
CPL,1094678,2017-08-09,2017,Trinbago Knight Riders,Jamaica Tallawahs,0,0,0,-1,147,119,148,116,10,6,51,48,20,70,36,16,29,10,7.411764705882353,1.2352941176470589,0.42857142857142855,0.41379310344827586,6,11.666666666666666,3.310344827586207,1.2758620689655173,0.16806722689075632,3.310344827586207,11.666666666666666,10,13,94.23076923076923
CPL,1094678,2017-08-09,2017,Jamaica Tallawahs,Trinbago Knight Riders,1,1,0,1,148,116,147,119,6,10,48,51,17,64,36,37,26,10,7.655172413793104,1.2758620689655173,0.41379310344827586,0.42857142857142855,10,10.666666666666666,8.538461538461538,1.2352941176470589,0.14655172413793102,8.538461538461538,10.666666666666666,10,11,48.07692307692308
CPL,1094679,2017-08-10,2017,Barbados Tridents,St Lucia Stars,1,0,0,67,196,120,129,92,4,6,35,41,24,42,36,86,30,10,9.8,1.6333333333333333,0.2916666666666667,0.44565217391304346,6,7.0,17.2,1.4021739130434783,0.2,17.2,7.0,10,10,53.205128205128204
CPL,1094679,2017-08-10,2017,St Lucia Stars,Barbados Tridents,0,1,0,-67,129,92,196,120,6,4,41,35,19,46,36,6,2,10,8.41304347826087,1.4021739130434783,0.44565217391304346,0.2916666666666667,4,7.666666666666666,18.0,1.6333333333333333,0.20652173913043478,18.0,7.666666666666666,10,9,1.9230769230769231
CPL,1094680,2017-08-11,2017,Guyana Amazon Warriors,Trinbago Knight Riders,0,0,0,-6,156,120,162,114,7,3,55,43,17,51,36,52,30,9,7.800000000000001,1.3,0.4583333333333333,0.37719298245614036,3,8.5,10.4,1.4210526315789473,0.14166666666666666,10.4,8.5,9,12,44.230769230769226
CPL,1094680,2017-08-11,2017,Trinbago Knight Riders,Guyana Amazon Warriors,1,1,0,6,162,114,156,120,3,7,43,55,20,72,36,47,24,9,8.526315789473685,1.4210526315789473,0.37719298245614036,0.4583333333333333,7,12.0,11.75,1.3,0.17543859649122806,11.75,12.0,9,13,94.23076923076923
CPL,1094681,2017-08-12,2017,St Kitts and Nevis Patriots,St Lucia Stars,1,0,0,33,196,120,163,120,6,8,44,39,24,73,36,55,30,7,9.8,1.6333333333333333,0.36666666666666664,0.325,8,12.166666666666666,11.0,1.3583333333333334,0.2,11.0,12.166666666666666,7,11,68.58974358974359
CPL,1094681,2017-08-12,2017,St Lucia Stars,St Kitts and Nevis Patriots,0,1,0,-33,163,120,196,120,8,6,39,44,17,49,36,52,30,7,8.15,1.3583333333333334,0.325,0.36666666666666664,6,8.166666666666668,10.4,1.6333333333333333,0.14166666666666666,10.4,8.166666666666668,7,9,1.9230769230769231
CPL,1094682,2017-08-12,2017,Barbados Tridents,Trinbago Knight Riders,0,0,1,-3,152,120,155,115,9,8,39,44,16,49,36,52,30,11,7.6,1.2666666666666666,0.325,0.3826086956521739,8,8.166666666666668,10.4,1.3478260869565217,0.13333333333333333,10.4,8.166666666666668,11,10,53.205128205128204
CPL,1094682,2017-08-12,2017,Trinbago Knight Riders,Barbados Tridents,1,1,1,3,155,115,152,120,8,9,44,39,20,49,36,27,25,11,8.08695652173913,1.3478260869565217,0.3826086956521739,0.325,9,8.166666666666668,6.48,1.2666666666666666,0.17391304347826086,6.48,8.166666666666668,11,13,94.23076923076923
CPL,1094683,2017-08-13,2017,St Lucia Stars,Guyana Amazon Warriors,0,0,0,-1,152,120,153,119,8,4,53,43,18,47,36,43,30,11,7.6,1.2666666666666666,0.44166666666666665,0.36134453781512604,4,7.833333333333334,8.6,1.2857142857142858,0.15,8.6,7.833333333333334,11,9,1.9230769230769231
CPL,1094683,2017-08-13,2017,Guyana Amazon Warriors,St Lucia Stars,1,1,0,1,153,119,152,120,4,8,43,53,17,42,36,48,29,11,7.714285714285715,1.2857142857142858,0.36134453781512604,0.44166666666666665,8,7.0,9.931034482758621,1.2666666666666666,0.14285714285714285,9.931034482758621,7.0,11,12,44.230769230769226
CPL,1094684,2017-08-14,2017,St Kitts and Nevis Patriots,Trinbago Knight Riders,0,0,0,-3,158,120,161,117,7,6,45,38,15,34,36,49,30,8,7.9,1.3166666666666667,0.375,0.3247863247863248,6,5.666666666666666,9.8,1.376068376068376,0.125,9.8,5.666666666666666,8,11,68.58974358974359
CPL,1094684,2017-08-14,2017,Trinbago Knight Riders,St Kitts and Nevis Patriots,1,1,0,3,161,117,158,120,6,7,38,45,18,42,36,56,27,8,8.256410256410255,1.376068376068376,0.3247863247863248,0.375,7,7.0,12.444444444444443,1.3166666666666667,0.15384615384615385,12.444444444444443,7.0,8,13,94.23076923076923
CPL,1094685,2017-08-15,2017,St Lucia Stars,Jamaica Tallawahs,0,0,0,-6,173,120,179,118,7,5,38,40,21,39,36,46,30,7,8.65,1.4416666666666667,0.31666666666666665,0.3389830508474576,5,6.5,9.200000000000001,1.5169491525423728,0.175,9.200000000000001,6.5,7,9,1.9230769230769231
CPL,1094685,2017-08-15,2017,Jamaica Tallawahs,St Lucia Stars,1,1,0,6,179,118,173,120,5,7,40,38,23,43,36,61,28,7,9.101694915254237,1.5169491525423728,0.3389830508474576,0.31666666666666665,7,7.166666666666666,13.07142857142857,1.4416666666666667,0.19491525423728814,13.07142857142857,7.166666666666666,7,11,48.07692307692308
CPL,1094686,2017-08-17,2017,Jamaica Tallawahs,Guyana Amazon Warriors,1,0,1,2,128,120,126,120,7,4,49,37,13,35,36,42,30,4,6.4,1.0666666666666667,0.4083333333333333,0.30833333333333335,4,5.833333333333333,8.399999999999999,1.05,0.10833333333333334,8.399999999999999,5.833333333333333,4,11,48.07692307692308
CPL,1094686,2017-08-17,2017,Guyana Amazon Warriors,Jamaica Tallawahs,0,1,1,-2,126,120,128,120,4,7,37,49,7,33,36,37,30,4,6.300000000000001,1.05,0.30833333333333335,0.4083333333333333,7,5.5,7.4,1.0666666666666667,0.058333333333333334,7.4,5.5,4,12,44.230769230769226
CPL,1094687,2017-08-18,2017,Barbados Tridents,St Kitts and Nevis Patriots,0,0,0,84,168,120,84,57,6,1,45,23,19,51,36,58,30,5,8.399999999999999,1.4,0.375,0.40350877192982454,1,8.5,11.6,1.4736842105263157,0.15833333333333333,11.6,8.5,5,10,53.205128205128204
CPL,1094687,2017-08-18,2017,St Kitts and Nevis Patriots,Barbados Tridents,1,1,0,-84,84,57,168,120,1,6,23,45,11,59,36,0,0,5,8.842105263157894,1.4736842105263157,0.40350877192982454,0.375,6,9.833333333333332,,1.4,0.19298245614035087,,9.833333333333332,5,11,68.58974358974359
CPL,1094688,2017-08-19,2017,Guyana Amazon Warriors,Trinbago Knight Riders,0,0,0,-1,130,120,131,95,5,3,53,38,14,39,36,41,30,4,6.5,1.0833333333333333,0.44166666666666665,0.4,3,6.5,8.2,1.3789473684210527,0.11666666666666667,8.2,6.5,4,12,44.230769230769226
CPL,1094688,2017-08-19,2017,Trinbago Knight Riders,Guyana Amazon Warriors,1,1,0,1,131,95,130,120,3,5,38,53,15,40,36,13,5,4,8.273684210526316,1.3789473684210527,0.4,0.44166666666666665,5,6.666666666666667,15.600000000000001,1.0833333333333333,0.15789473684210525,15.600000000000001,6.666666666666667,4,13,94.23076923076923
CPL,1094690,2017-08-20,2017,Barbados Tridents,Guyana Amazon Warriors,0,0,0,-1,159,120,160,115,4,6,45,41,20,27,36,62,30,8,7.949999999999999,1.325,0.375,0.3565217391304348,6,4.5,12.400000000000002,1.391304347826087,0.16666666666666666,12.400000000000002,4.5,8,10,53.205128205128204
CPL,1094690,2017-08-20,2017,Guyana Amazon Warriors,Barbados Tridents,1,1,0,1,160,115,159,120,6,4,41,45,17,71,36,20,25,8,8.347826086956522,1.391304347826087,0.3565217391304348,0.375,4,11.833333333333334,4.800000000000001,1.325,0.14782608695652175,4.800000000000001,11.833333333333334,8,12,44.230769230769226
CPL,1094691,2017-08-21,2017,St Kitts and Nevis Patriots,Jamaica Tallawahs,1,0,0,37,208,120,171,120,3,7,38,48,28,38,36,72,30,8,10.4,1.7333333333333334,0.31666666666666665,0.4,7,6.333333333333334,14.399999999999999,1.425,0.23333333333333334,14.399999999999999,6.333333333333334,8,11,68.58974358974359
CPL,1094691,2017-08-21,2017,Jamaica Tallawahs,St Kitts and Nevis Patriots,0,1,0,-37,171,120,208,120,7,3,48,38,22,48,36,58,30,8,8.55,1.425,0.4,0.31666666666666665,3,8.0,11.6,1.7333333333333334,0.18333333333333332,11.6,8.0,8,11,48.07692307692308
CPL,1094692,2017-08-22,2017,St Lucia Stars,Guyana Amazon Warriors,0,0,0,-1,100,120,101,88,7,3,57,42,7,26,36,27,30,6,5.0,0.8333333333333334,0.475,0.4772727272727273,3,4.333333333333333,5.4,1.1477272727272727,0.058333333333333334,5.4,4.333333333333333,6,9,1.9230769230769231
CPL,1094692,2017-08-22,2017,Guyana Amazon Warriors,St Lucia Stars,1,1,0,1,101,88,100,120,3,7,42,57,12,41,36,0,0,6,6.886363636363637,1.1477272727272727,0.4772727272727273,0.475,7,6.833333333333333,,0.8333333333333334,0.13636363636363635,,6.833333333333333,6,12,44.230769230769226
CPL,1094693,2017-08-23,2017,St Kitts and Nevis Patriots,Trinbago Knight Riders,0,0,0,74,162,78,88,32,3,2,26,9,22,61,36,0,0,2,12.461538461538463,2.076923076923077,0.3333333333333333,0.28125,2,10.166666666666666,,2.75,0.28205128205128205,,10.166666666666666,2,11,68.58974358974359
CPL,1094693,2017-08-23,2017,Trinbago Knight Riders,St Kitts and Nevis Patriots,1,1,0,-74,88,32,162,78,2,3,9,26,15,88,32,0,0,2,16.5,2.75,0.28125,0.3333333333333333,3,16.5,,2.076923076923077,0.46875,,16.5,2,13,94.23076923076923
CPL,1094694,2017-08-25,2017,St Lucia Stars,Jamaica Tallawahs,0,0,0,-4,172,120,176,114,8,4,49,49,18,37,36,52,30,7,8.6,1.4333333333333333,0.4083333333333333,0.4298245614035088,4,6.166666666666666,10.4,1.543859649122807,0.15,10.4,6.166666666666666,7,9,1.9230769230769231
CPL,1094694,2017-08-25,2017,Jamaica Tallawahs,St Lucia Stars,1,1,0,4,176,114,172,120,4,8,49,49,22,52,36,43,24,7,9.263157894736842,1.543859649122807,0.4298245614035088,0.4083333333333333,8,8.666666666666666,10.75,1.4333333333333333,0.19298245614035087,10.75,8.666666666666666,7,11,48.07692307692308
CPL,1094695,2017-08-26,2017,Trinbago Knight Riders,Jamaica Tallawahs,1,0,0,36,208,120,172,120,6,7,35,45,24,58,36,52,30,11,10.4,1.7333333333333334,0.2916666666666667,0.375,7,9.666666666666668,10.4,1.4333333333333333,0.2,10.4,9.666666666666668,11,13,94.23076923076923
CPL,1094695,2017-08-26,2017,Jamaica Tallawahs,Trinbago Knight Riders,0,1,0,-36,172,120,208,120,7,6,45,35,20,61,36,29,30,11,8.6,1.4333333333333333,0.375,0.2916666666666667,6,10.166666666666666,5.8,1.7333333333333334,0.16666666666666666,5.8,10.166666666666666,11,11,48.07692307692308
CPL,1094696,2017-08-29,2017,Guyana Amazon Warriors,Barbados Tridents,1,0,0,99,158,120,59,82,8,10,52,48,18,58,36,50,30,11,7.9,1.3166666666666667,0.43333333333333335,0.5853658536585366,10,9.666666666666668,10.0,0.7195121951219512,0.15,10.0,9.666666666666668,11,12,44.230769230769226
CPL,1094696,2017-08-29,2017,Barbados Tridents,Guyana Amazon Warriors,0,1,0,-99,59,82,158,120,10,8,48,52,5,19,36,0,0,11,4.317073170731707,0.7195121951219512,0.5853658536585366,0.43333333333333335,8,3.166666666666667,,1.3166666666666667,0.06097560975609756,,3.166666666666667,11,10,53.205128205128204
CPL,1094697,2017-08-30,2017,Jamaica Tallawahs,St Kitts and Nevis Patriots,1,0,0,41,157,120,116,107,5,10,43,54,14,43,36,56,30,8,7.85,1.3083333333333333,0.35833333333333334,0.5046728971962616,10,7.166666666666666,11.2,1.0841121495327102,0.11666666666666667,11.2,7.166666666666666,8,11,48.07692307692308
CPL,1094697,2017-08-30,2017,St Kitts and Nevis Patriots,Jamaica Tallawahs,0,1,0,-41,116,107,157,120,10,5,54,43,14,59,36,13,17,8,6.5046728971962615,1.0841121495327102,0.5046728971962616,0.35833333333333334,5,9.833333333333332,4.588235294117647,1.3083333333333333,0.1308411214953271,4.588235294117647,9.833333333333332,8,11,68.58974358974359
CPL,1094698,2017-08-31,2017,Barbados Tridents,St Lucia Stars,1,0,0,29,195,120,166,120,4,5,39,52,24,50,36,64,30,8,9.75,1.625,0.325,0.43333333333333335,5,8.333333333333332,12.8,1.3833333333333333,0.2,12.8,8.333333333333332,8,10,53.205128205128204
CPL,1094698,2017-08-31,2017,St Lucia Stars,Barbados Tridents,0,1,0,-29,166,120,195,120,5,4,52,39,23,54,36,29,30,8,8.3,1.3833333333333333,0.43333333333333335,0.325,4,9.0,5.8,1.625,0.19166666666666668,5.8,9.0,8,9,1.9230769230769231
CPL,1094699,2017-09-01,2017,Jamaica Tallawahs,Guyana Amazon Warriors,0,0,0,-1,149,120,150,63,7,1,48,17,18,30,36,33,30,6,7.45,1.2416666666666667,0.4,0.2698412698412698,1,5.0,6.6000000000000005,2.380952380952381,0.15,6.6000000000000005,5.0,6,11,48.07692307692308
CPL,1094699,2017-09-01,2017,Guyana Amazon Warriors,Jamaica Tallawahs,1,1,0,1,150,63,149,120,1,7,17,48,21,88,36,0,0,6,14.285714285714285,2.380952380952381,0.2698412698412698,0.4,7,14.666666666666668,,1.2416666666666667,0.3333333333333333,,14.666666666666668,6,12,44.230769230769226
CPL,1094700,2017-09-02,2017,Barbados Tridents,Trinbago Knight Riders,1,0,0,16,136,120,120,110,9,10,52,54,14,43,36,45,30,12,6.8,1.1333333333333333,0.43333333333333335,0.4909090909090909,10,7.166666666666666,9.0,1.0909090909090908,0.11666666666666667,9.0,7.166666666666666,12,10,53.205128205128204
CPL,1094700,2017-09-02,2017,Trinbago Knight Riders,Barbados Tridents,0,1,0,-16,120,110,136,120,10,9,54,52,17,41,36,33,20,12,6.545454545454545,1.0909090909090908,0.4909090909090909,0.43333333333333335,9,6.833333333333333,9.899999999999999,1.1333333333333333,0.15454545454545454,9.899999999999999,6.833333333333333,12,13,94.23076923076923
CPL,1094701,2017-09-03,2017,Barbados Tridents,St Kitts and Nevis Patriots,0,0,0,-1,128,120,129,42,9,0,52,14,13,45,36,26,30,5,6.4,1.0666666666666667,0.43333333333333335,0.3333333333333333,0,7.5,5.2,3.0714285714285716,0.10833333333333334,5.2,7.5,5,10,53.205128205128204
CPL,1094701,2017-09-03,2017,St Kitts and Nevis Patriots,Barbados Tridents,1,1,0,1,129,42,128,120,0,9,14,52,21,105,36,0,0,5,18.42857142857143,3.0714285714285716,0.3333333333333333,0.43333333333333335,9,17.5,,1.0666666666666667,0.5,,17.5,5,11,68.58974358974359
CPL,1094702,2017-09-05,2017,St Kitts and Nevis Patriots,Trinbago Knight Riders,1,0,0,38,149,120,111,117,7,10,61,68,19,40,36,51,30,12,7.45,1.2416666666666667,0.5083333333333333,0.5811965811965812,10,6.666666666666667,10.2,0.9487179487179487,0.15833333333333333,10.2,6.666666666666667,12,11,68.58974358974359
CPL,1094702,2017-09-05,2017,Trinbago Knight Riders,St Kitts and Nevis Patriots,0,1,0,-38,111,117,149,120,10,7,68,61,13,32,36,28,27,12,5.692307692307692,0.9487179487179487,0.5811965811965812,0.5083333333333333,7,5.333333333333333,6.222222222222221,1.2416666666666667,0.1111111111111111,6.222222222222221,5.333333333333333,12,13,94.23076923076923
CPL,1094703,2017-09-06,2017,Jamaica Tallawahs,Guyana Amazon Warriors,0,0,0,-1,168,120,169,107,8,5,37,39,20,55,36,50,30,6,8.399999999999999,1.4,0.30833333333333335,0.3644859813084112,5,9.166666666666666,10.0,1.5794392523364487,0.16666666666666666,10.0,9.166666666666666,6,11,48.07692307692308
CPL,1094703,2017-09-06,2017,Guyana Amazon Warriors,Jamaica Tallawahs,1,1,0,1,169,107,168,120,5,8,39,37,23,53,36,29,17,6,9.476635514018692,1.5794392523364487,0.3644859813084112,0.30833333333333335,8,8.833333333333334,10.235294117647058,1.4,0.21495327102803738,10.235294117647058,8.833333333333334,6,12,44.230769230769226
CPL,1094704,2017-09-07,2017,Guyana Amazon Warriors,Trinbago Knight Riders,0,0,0,-1,159,120,160,108,6,4,37,39,15,33,36,65,30,6,7.949999999999999,1.325,0.30833333333333335,0.3611111111111111,4,5.5,13.0,1.4814814814814814,0.125,13.0,5.5,6,12,44.230769230769226
CPL,1094704,2017-09-07,2017,Trinbago Knight Riders,Guyana Amazon Warriors,1,1,0,1,160,108,159,120,4,6,39,37,18,42,36,28,18,6,8.88888888888889,1.4814814814814814,0.3611111111111111,0.30833333333333335,6,7.0,9.333333333333334,1.325,0.16666666666666666,9.333333333333334,7.0,6,13,94.23076923076923
CPL,1094705,2017-09-09,2017,St Kitts and Nevis Patriots,Trinbago Knight Riders,0,0,1,-1,135,120,136,114,6,7,49,38,13,28,36,59,30,6,6.75,1.125,0.4083333333333333,0.3333333333333333,7,4.666666666666667,11.799999999999999,1.1929824561403508,0.10833333333333334,11.799999999999999,4.666666666666667,6,11,68.58974358974359
CPL,1094705,2017-09-09,2017,Trinbago Knight Riders,St Kitts and Nevis Patriots,1,1,1,1,136,114,135,120,7,6,38,49,9,48,36,43,24,6,7.157894736842104,1.1929824561403508,0.3333333333333333,0.4083333333333333,6,8.0,10.75,1.125,0.07894736842105263,10.75,8.0,6,13,94.23076923076923
CPL,1148647,2018-08-08,2018,Trinbago Knight Riders,St Lucia Stars,1,0,0,100,195,120,95,105,6,10,37,52,25,48,36,61,30,8,9.75,1.625,0.30833333333333335,0.49523809523809526,10,8.0,12.2,0.9047619047619048,0.20833333333333334,12.2,8.0,8,13,90.38461538461539
CPL,1148647,2018-08-08,2018,St Lucia Stars,Trinbago Knight Riders,0,1,0,-100,95,105,195,120,10,6,52,37,7,47,36,11,15,8,5.428571428571429,0.9047619047619048,0.49523809523809526,0.30833333333333335,6,7.833333333333334,4.3999999999999995,1.625,0.06666666666666667,4.3999999999999995,7.833333333333334,8,9,32.69230769230769
CPL,1148648,2018-08-09,2018,St Kitts and Nevis Patriots,Guyana Amazon Warriors,0,0,0,-2,146,120,148,99,5,4,52,38,16,32,36,49,30,5,7.299999999999999,1.2166666666666666,0.43333333333333335,0.3838383838383838,4,5.333333333333333,9.8,1.494949494949495,0.13333333333333333,9.8,5.333333333333333,5,11,64.74358974358975
CPL,1148648,2018-08-09,2018,Guyana Amazon Warriors,St Kitts and Nevis Patriots,1,1,0,2,148,99,146,120,4,5,38,52,21,62,36,23,9,5,8.96969696969697,1.494949494949495,0.3838383838383838,0.43333333333333335,5,10.333333333333334,15.333333333333332,1.2166666666666666,0.21212121212121213,15.333333333333332,10.333333333333334,5,12,46.794871794871796
CPL,1148649,2018-08-10,2018,Trinbago Knight Riders,Jamaica Tallawahs,0,0,0,-2,223,120,225,117,6,6,37,35,30,59,36,77,30,8,11.15,1.8583333333333334,0.30833333333333335,0.29914529914529914,6,9.833333333333332,15.400000000000002,1.9230769230769231,0.25,15.400000000000002,9.833333333333332,8,13,90.38461538461539
CPL,1148649,2018-08-10,2018,Jamaica Tallawahs,Trinbago Knight Riders,1,1,0,2,225,117,223,120,6,6,35,37,31,41,36,72,27,8,11.538461538461538,1.9230769230769231,0.29914529914529914,0.30833333333333335,6,6.833333333333333,16.0,1.8583333333333334,0.26495726495726496,16.0,6.833333333333333,8,11,60.89743589743589
CPL,1148650,2018-08-11,2018,Guyana Amazon Warriors,St Lucia Stars,1,0,1,3,141,120,138,120,4,7,46,56,15,50,36,36,30,5,7.050000000000001,1.175,0.38333333333333336,0.4666666666666667,7,8.333333333333332,7.199999999999999,1.15,0.125,7.199999999999999,8.333333333333332,5,12,46.794871794871796
CPL,1148650,2018-08-11,2018,St Lucia Stars,Guyana Amazon Warriors,0,1,1,-3,138,120,141,120,7,4,56,46,13,28,36,39,30,5,6.8999999999999995,1.15,0.4666666666666667,0.38333333333333336,4,4.666666666666667,7.800000000000001,1.175,0.10833333333333334,7.800000000000001,4.666666666666667,5,9,32.69230769230769
CPL,1148651,2018-08-11,2018,St Kitts and Nevis Patriots,Trinbago Knight Riders,1,0,0,42,203,120,161,120,7,8,43,50,26,34,36,74,30,11,10.15,1.6916666666666667,0.35833333333333334,0.4166666666666667,8,5.666666666666666,14.8,1.3416666666666666,0.21666666666666667,14.8,5.666666666666666,11,11,64.74358974358975
CPL,1148651,2018-08-11,2018,Trinbago Knight Riders,St Kitts and Nevis Patriots,0,1,0,-42,161,120,203,120,8,7,50,43,19,52,36,53,30,11,8.049999999999999,1.3416666666666666,0.4166666666666667,0.35833333333333334,7,8.666666666666666,10.6,1.6916666666666667,0.15833333333333333,10.6,8.666666666666666,11,13,90.38461538461539
CPL,1148652,2018-08-12,2018,Barbados Tridents,Guyana Amazon Warriors,1,0,0,30,185,120,155,120,4,8,36,52,24,44,36,55,30,8,9.25,1.5416666666666667,0.3,0.43333333333333335,8,7.333333333333334,11.0,1.2916666666666667,0.2,11.0,7.333333333333334,8,10,8.333333333333332
CPL,1148652,2018-08-12,2018,Guyana Amazon Warriors,Barbados Tridents,0,1,0,-30,155,120,185,120,8,4,52,36,18,46,36,38,30,8,7.75,1.2916666666666667,0.43333333333333335,0.3,4,7.666666666666666,7.6,1.5416666666666667,0.15,7.6,7.666666666666666,8,12,46.794871794871796
CPL,1148653,2018-08-14,2018,St Lucia Stars,Jamaica Tallawahs,0,0,0,-1,175,120,176,118,10,4,51,47,24,54,36,50,30,9,8.75,1.4583333333333333,0.425,0.3983050847457627,4,9.0,10.0,1.4915254237288136,0.2,10.0,9.0,9,9,32.69230769230769
CPL,1148653,2018-08-14,2018,Jamaica Tallawahs,St Lucia Stars,1,1,0,1,176,118,175,120,4,10,47,51,23,57,36,51,28,9,8.949152542372882,1.4915254237288136,0.3983050847457627,0.425,10,9.5,10.928571428571429,1.4583333333333333,0.19491525423728814,10.928571428571429,9.5,9,11,60.89743589743589
CPL,1148654,2018-08-15,2018,Jamaica Tallawahs,St Kitts and Nevis Patriots,1,0,0,47,178,120,131,120,4,9,42,67,21,58,36,65,30,8,8.9,1.4833333333333334,0.35,0.5583333333333333,9,9.666666666666668,13.0,1.0916666666666666,0.175,13.0,9.666666666666668,8,11,60.89743589743589
CPL,1148654,2018-08-15,2018,St Kitts and Nevis Patriots,Jamaica Tallawahs,0,1,0,-47,131,120,178,120,9,4,67,42,16,39,36,38,30,8,6.549999999999999,1.0916666666666666,0.5583333333333333,0.35,4,6.5,7.6,1.4833333333333334,0.13333333333333333,7.6,6.5,8,11,64.74358974358975
CPL,1148655,2018-08-16,2018,St Lucia Stars,Trinbago Knight Riders,0,0,0,-6,212,120,218,119,2,5,37,44,25,50,36,82,30,6,10.6,1.7666666666666666,0.30833333333333335,0.3697478991596639,5,8.333333333333332,16.4,1.8319327731092436,0.20833333333333334,16.4,8.333333333333332,6,9,32.69230769230769
CPL,1148655,2018-08-16,2018,Trinbago Knight Riders,St Lucia Stars,1,1,0,6,218,119,212,120,5,2,44,37,31,52,36,90,29,6,10.991596638655462,1.8319327731092436,0.3697478991596639,0.30833333333333335,2,8.666666666666666,18.620689655172413,1.7666666666666666,0.2605042016806723,18.620689655172413,8.666666666666666,6,13,90.38461538461539
CPL,1148656,2018-08-17,2018,St Lucia Stars,Barbados Tridents,1,0,0,38,226,120,188,120,6,6,37,44,31,67,36,84,30,10,11.3,1.8833333333333333,0.30833333333333335,0.36666666666666664,6,11.166666666666668,16.799999999999997,1.5666666666666667,0.25833333333333336,16.799999999999997,11.166666666666668,10,9,32.69230769230769
CPL,1148656,2018-08-17,2018,Barbados Tridents,St Lucia Stars,0,1,0,-38,188,120,226,120,6,6,44,37,24,49,36,70,30,10,9.4,1.5666666666666667,0.36666666666666664,0.30833333333333335,6,8.166666666666668,14.0,1.8833333333333333,0.2,14.0,8.166666666666668,10,10,8.333333333333332
CPL,1148657,2018-08-18,2018,Guyana Amazon Warriors,Jamaica Tallawahs,1,0,0,71,209,120,138,98,7,10,32,34,29,60,36,46,30,10,10.45,1.7416666666666667,0.26666666666666666,0.3469387755102041,10,10.0,9.200000000000001,1.4081632653061225,0.24166666666666667,9.200000000000001,10.0,10,12,46.794871794871796
CPL,1148657,2018-08-18,2018,Jamaica Tallawahs,Guyana Amazon Warriors,0,1,0,-71,138,98,209,120,10,7,34,32,14,69,36,5,8,10,8.448979591836736,1.4081632653061225,0.3469387755102041,0.26666666666666666,7,11.5,3.75,1.7416666666666667,0.14285714285714285,3.75,11.5,10,11,60.89743589743589
CPL,1148658,2018-08-19,2018,Jamaica Tallawahs,Trinbago Knight Riders,0,0,0,-2,182,120,184,120,5,6,35,40,19,36,36,80,30,6,9.1,1.5166666666666666,0.2916666666666667,0.3333333333333333,6,6.0,16.0,1.5333333333333334,0.15833333333333333,16.0,6.0,6,11,60.89743589743589
CPL,1148658,2018-08-19,2018,Trinbago Knight Riders,Jamaica Tallawahs,1,1,0,2,184,120,182,120,6,5,40,35,20,28,36,61,30,6,9.200000000000001,1.5333333333333334,0.3333333333333333,0.2916666666666667,5,4.666666666666667,12.2,1.5166666666666666,0.16666666666666666,12.2,4.666666666666667,6,13,90.38461538461539
CPL,1148659,2018-08-21,2018,St Lucia Stars,St Kitts and Nevis Patriots,0,0,0,-1,69,75,70,46,10,3,44,22,9,27,36,0,0,9,5.5200000000000005,0.92,0.5866666666666667,0.4782608695652174,3,4.5,,1.5217391304347827,0.12,,4.5,9,9,32.69230769230769
CPL,1148659,2018-08-21,2018,St Kitts and Nevis Patriots,St Lucia Stars,1,1,0,1,70,46,69,75,3,10,22,44,11,60,36,0,0,9,9.130434782608695,1.5217391304347827,0.4782608695652174,0.5866666666666667,10,10.0,,0.92,0.2391304347826087,,10.0,9,11,64.74358974358975
CPL,1148660,2018-08-22,2018,Barbados Tridents,Jamaica Tallawahs,1,0,1,2,156,120,154,120,6,3,44,45,18,38,36,47,30,5,7.800000000000001,1.3,0.36666666666666664,0.375,3,6.333333333333334,9.4,1.2833333333333334,0.15,9.4,6.333333333333334,5,10,8.333333333333332
CPL,1148660,2018-08-22,2018,Jamaica Tallawahs,Barbados Tridents,0,1,1,-2,154,120,156,120,3,6,45,44,19,61,36,40,30,5,7.700000000000001,1.2833333333333334,0.375,0.36666666666666664,6,10.166666666666666,8.0,1.3,0.15833333333333333,8.0,10.166666666666666,5,11,60.89743589743589
CPL,1148661,2018-08-24,2018,Guyana Amazon Warriors,St Lucia Stars,0,0,0,-1,140,120,141,109,9,4,46,45,14,47,36,45,30,6,7.0,1.1666666666666667,0.38333333333333336,0.41284403669724773,4,7.833333333333334,9.0,1.2935779816513762,0.11666666666666667,9.0,7.833333333333334,6,12,46.794871794871796
CPL,1148661,2018-08-24,2018,St Lucia Stars,Guyana Amazon Warriors,1,1,0,1,141,109,140,120,4,9,45,46,15,31,36,43,19,6,7.761467889908257,1.2935779816513762,0.41284403669724773,0.38333333333333336,9,5.166666666666667,13.578947368421051,1.1666666666666667,0.13761467889908258,13.578947368421051,5.166666666666667,6,9,32.69230769230769
CPL,1148662,2018-08-25,2018,Barbados Tridents,St Kitts and Nevis Patriots,0,0,0,-1,147,120,148,113,6,4,49,60,16,34,36,46,30,8,7.3500000000000005,1.225,0.4083333333333333,0.5309734513274337,4,5.666666666666666,9.200000000000001,1.3097345132743363,0.13333333333333333,9.200000000000001,5.666666666666666,8,10,8.333333333333332
CPL,1148662,2018-08-25,2018,St Kitts and Nevis Patriots,Barbados Tridents,1,1,0,1,148,113,147,120,4,6,60,49,19,17,36,27,23,8,7.8584070796460175,1.3097345132743363,0.5309734513274337,0.4083333333333333,6,2.833333333333333,7.043478260869566,1.225,0.168141592920354,7.043478260869566,2.833333333333333,8,11,64.74358974358975
CPL,1148663,2018-08-25,2018,Jamaica Tallawahs,St Lucia Stars,1,0,0,21,204,120,183,120,5,8,38,34,25,56,36,64,30,10,10.2,1.7,0.31666666666666665,0.2833333333333333,8,9.333333333333334,12.8,1.525,0.20833333333333334,12.8,9.333333333333334,10,11,60.89743589743589
CPL,1148663,2018-08-25,2018,St Lucia Stars,Jamaica Tallawahs,0,1,0,-21,183,120,204,120,8,5,34,38,22,44,36,49,30,10,9.149999999999999,1.525,0.2833333333333333,0.31666666666666665,5,7.333333333333334,9.8,1.7,0.18333333333333332,9.8,7.333333333333334,10,9,32.69230769230769
CPL,1148664,2018-08-26,2018,Barbados Tridents,Trinbago Knight Riders,0,0,0,-2,128,120,130,99,8,6,50,47,14,46,36,32,30,7,6.4,1.0666666666666667,0.4166666666666667,0.47474747474747475,6,7.666666666666666,6.4,1.3131313131313131,0.11666666666666667,6.4,7.666666666666666,7,10,8.333333333333332
CPL,1148664,2018-08-26,2018,Trinbago Knight Riders,Barbados Tridents,1,1,0,2,130,99,128,120,6,8,47,50,20,37,36,21,9,7,7.878787878787879,1.3131313131313131,0.47474747474747475,0.4166666666666667,8,6.166666666666666,14.0,1.0666666666666667,0.20202020202020202,14.0,6.166666666666666,7,13,90.38461538461539
CPL,1148665,2018-08-28,2018,St Kitts and Nevis Patriots,Guyana Amazon Warriors,0,0,0,-1,168,120,169,119,7,6,50,47,23,62,36,58,30,7,8.399999999999999,1.4,0.4166666666666667,0.3949579831932773,6,10.333333333333334,11.6,1.4201680672268908,0.19166666666666668,11.6,10.333333333333334,7,11,64.74358974358975
CPL,1148665,2018-08-28,2018,Guyana Amazon Warriors,St Kitts and Nevis Patriots,1,1,0,1,169,119,168,120,6,7,47,50,20,47,36,57,29,7,8.521008403361344,1.4201680672268908,0.3949579831932773,0.4166666666666667,7,7.833333333333334,11.793103448275861,1.4,0.16806722689075632,11.793103448275861,7.833333333333334,7,12,46.794871794871796
CPL,1148666,2018-08-29,2018,Barbados Tridents,Jamaica Tallawahs,0,0,0,-2,151,120,153,104,9,5,41,43,15,44,36,44,30,8,7.55,1.2583333333333333,0.3416666666666667,0.41346153846153844,5,7.333333333333334,8.799999999999999,1.4711538461538463,0.125,8.799999999999999,7.333333333333334,8,10,8.333333333333332
CPL,1148666,2018-08-29,2018,Jamaica Tallawahs,Barbados Tridents,1,1,0,2,153,104,151,120,5,9,43,41,20,56,36,25,14,8,8.826923076923077,1.4711538461538463,0.41346153846153844,0.3416666666666667,9,9.333333333333334,10.714285714285715,1.2583333333333333,0.19230769230769232,10.714285714285715,9.333333333333334,8,11,60.89743589743589
CPL,1148668,2018-08-31,2018,Barbados Tridents,Guyana Amazon Warriors,0,0,0,-3,165,120,168,100,7,2,36,27,22,43,36,56,30,8,8.25,1.375,0.3,0.27,2,7.166666666666666,11.2,1.68,0.18333333333333332,11.2,7.166666666666666,8,10,8.333333333333332
CPL,1148668,2018-08-31,2018,Guyana Amazon Warriors,Barbados Tridents,1,1,0,3,168,100,165,120,2,7,27,36,19,70,36,19,10,8,10.08,1.68,0.27,0.3,7,11.666666666666666,11.399999999999999,1.375,0.19,11.399999999999999,11.666666666666666,8,12,46.794871794871796
CPL,1148669,2018-09-01,2018,Trinbago Knight Riders,St Kitts and Nevis Patriots,1,0,0,46,199,120,153,120,4,8,38,52,25,40,36,87,30,7,9.950000000000001,1.6583333333333334,0.31666666666666665,0.43333333333333335,8,6.666666666666667,17.4,1.275,0.20833333333333334,17.4,6.666666666666667,7,13,90.38461538461539
CPL,1148669,2018-09-01,2018,St Kitts and Nevis Patriots,Trinbago Knight Riders,0,1,0,-46,153,120,199,120,8,4,52,38,18,48,36,38,30,7,7.6499999999999995,1.275,0.43333333333333335,0.31666666666666665,4,8.0,7.6,1.6583333333333334,0.15,7.6,8.0,7,11,64.74358974358975
CPL,1148670,2018-09-02,2018,Barbados Tridents,St Lucia Stars,0,0,0,-1,135,120,136,105,7,4,52,46,14,49,36,38,30,7,6.75,1.125,0.43333333333333335,0.4380952380952381,4,8.166666666666668,7.6,1.2952380952380953,0.11666666666666667,7.6,8.166666666666668,7,10,8.333333333333332
CPL,1148670,2018-09-02,2018,St Lucia Stars,Barbados Tridents,1,1,0,1,136,105,135,120,4,7,46,52,17,43,36,21,15,7,7.771428571428572,1.2952380952380953,0.4380952380952381,0.43333333333333335,7,7.166666666666666,8.399999999999999,1.125,0.1619047619047619,8.399999999999999,7.166666666666666,7,9,32.69230769230769
CPL,1148671,2018-09-02,2018,Jamaica Tallawahs,St Kitts and Nevis Patriots,0,0,0,88,206,120,118,61,6,3,35,18,31,42,36,66,30,4,10.299999999999999,1.7166666666666666,0.2916666666666667,0.29508196721311475,3,7.0,13.200000000000001,1.9344262295081966,0.25833333333333336,13.200000000000001,7.0,4,11,60.89743589743589
CPL,1148671,2018-09-02,2018,St Kitts and Nevis Patriots,Jamaica Tallawahs,1,1,0,-88,118,61,206,120,3,6,18,35,18,62,36,0,0,4,11.60655737704918,1.9344262295081966,0.29508196721311475,0.2916666666666667,6,10.333333333333334,,1.7166666666666666,0.29508196721311475,,10.333333333333334,4,11,64.74358974358975
CPL,1148672,2018-09-04,2018,Barbados Tridents,St Kitts and Nevis Patriots,0,0,1,-1,168,120,169,118,5,8,46,47,20,45,36,65,30,5,8.399999999999999,1.4,0.38333333333333336,0.3983050847457627,8,7.5,13.0,1.4322033898305084,0.16666666666666666,13.0,7.5,5,10,8.333333333333332
CPL,1148672,2018-09-04,2018,St Kitts and Nevis Patriots,Barbados Tridents,1,1,1,1,169,118,168,120,8,5,47,46,22,52,36,49,28,5,8.59322033898305,1.4322033898305084,0.3983050847457627,0.38333333333333336,5,8.666666666666666,10.5,1.4,0.1864406779661017,10.5,8.666666666666666,5,11,64.74358974358975
CPL,1148673,2018-09-05,2018,Trinbago Knight Riders,Guyana Amazon Warriors,1,0,0,67,170,120,103,106,7,10,44,53,23,44,36,36,30,11,8.5,1.4166666666666667,0.36666666666666664,0.5,10,7.333333333333334,7.199999999999999,0.9716981132075472,0.19166666666666668,7.199999999999999,7.333333333333334,11,13,90.38461538461539
CPL,1148673,2018-09-05,2018,Guyana Amazon Warriors,Trinbago Knight Riders,0,1,0,-67,103,106,170,120,10,7,53,44,11,40,36,22,16,11,5.830188679245283,0.9716981132075472,0.5,0.36666666666666664,7,6.666666666666667,8.25,1.4166666666666667,0.10377358490566038,8.25,6.666666666666667,11,12,46.794871794871796
CPL,1148674,2018-09-07,2018,Trinbago Knight Riders,Barbados Tridents,1,0,1,9,180,120,171,120,5,5,37,41,21,68,36,51,30,6,9.0,1.5,0.30833333333333335,0.3416666666666667,5,11.333333333333332,10.2,1.425,0.175,10.2,11.333333333333332,6,13,90.38461538461539
CPL,1148674,2018-09-07,2018,Barbados Tridents,Trinbago Knight Riders,0,1,1,-9,171,120,180,120,5,5,41,37,19,41,36,49,30,6,8.55,1.425,0.3416666666666667,0.30833333333333335,5,6.833333333333333,9.8,1.5,0.15833333333333333,9.8,6.833333333333333,6,10,8.333333333333332
CPL,1148675,2018-09-08,2018,Guyana Amazon Warriors,Jamaica Tallawahs,0,0,0,-4,173,120,177,109,6,2,37,34,24,42,36,52,30,3,8.65,1.4416666666666667,0.30833333333333335,0.3119266055045872,2,7.0,10.4,1.6238532110091743,0.2,10.4,7.0,3,12,46.794871794871796
CPL,1148675,2018-09-08,2018,Jamaica Tallawahs,Guyana Amazon Warriors,1,1,0,4,177,109,173,120,2,6,34,37,24,53,36,34,19,3,9.743119266055047,1.6238532110091743,0.3119266055045872,0.30833333333333335,6,8.833333333333334,10.736842105263158,1.4416666666666667,0.22018348623853212,10.736842105263158,8.833333333333334,3,11,60.89743589743589
CPL,1148676,2018-09-09,2018,Trinbago Knight Riders,Guyana Amazon Warriors,0,0,0,-4,154,120,158,85,7,4,50,28,18,35,36,46,30,5,7.700000000000001,1.2833333333333334,0.4166666666666667,0.32941176470588235,4,5.833333333333333,9.200000000000001,1.8588235294117648,0.15,9.200000000000001,5.833333333333333,5,13,90.38461538461539
CPL,1148676,2018-09-09,2018,Guyana Amazon Warriors,Trinbago Knight Riders,1,1,0,4,158,85,154,120,4,7,28,50,22,42,36,0,0,5,11.152941176470588,1.8588235294117648,0.32941176470588235,0.4166666666666667,7,7.0,,1.2833333333333334,0.25882352941176473,,7.0,5,12,46.794871794871796
CPL,1148677,2018-09-11,2018,Trinbago Knight Riders,Guyana Amazon Warriors,0,0,1,-4,122,120,126,119,7,8,60,57,13,26,36,43,30,10,6.1,1.0166666666666666,0.5,0.4789915966386555,8,4.333333333333333,8.6,1.0588235294117647,0.10833333333333334,8.6,4.333333333333333,10,13,90.38461538461539
CPL,1148677,2018-09-11,2018,Guyana Amazon Warriors,Trinbago Knight Riders,1,1,1,4,126,119,122,120,8,7,57,60,16,23,36,50,29,10,6.352941176470589,1.0588235294117647,0.4789915966386555,0.5,7,3.833333333333333,10.344827586206897,1.0166666666666666,0.13445378151260504,10.344827586206897,3.833333333333333,10,12,46.794871794871796
CPL,1148678,2018-09-12,2018,Jamaica Tallawahs,St Kitts and Nevis Patriots,0,0,1,-2,191,120,193,119,5,8,44,40,27,49,36,56,30,10,9.549999999999999,1.5916666666666666,0.36666666666666664,0.33613445378151263,8,8.166666666666668,11.2,1.6218487394957983,0.225,11.2,8.166666666666668,10,11,60.89743589743589
CPL,1148678,2018-09-12,2018,St Kitts and Nevis Patriots,Jamaica Tallawahs,1,1,1,2,193,119,191,120,8,5,40,44,26,41,36,51,29,10,9.73109243697479,1.6218487394957983,0.33613445378151263,0.36666666666666664,5,6.833333333333333,10.551724137931034,1.5916666666666666,0.2184873949579832,10.551724137931034,6.833333333333333,10,11,64.74358974358975
CPL,1148679,2018-09-14,2018,Trinbago Knight Riders,St Kitts and Nevis Patriots,1,0,0,20,165,120,145,120,6,8,43,46,18,32,36,55,30,8,8.25,1.375,0.35833333333333334,0.38333333333333336,8,5.333333333333333,11.0,1.2083333333333333,0.15,11.0,5.333333333333333,8,13,90.38461538461539
CPL,1148679,2018-09-14,2018,St Kitts and Nevis Patriots,Trinbago Knight Riders,0,1,0,-20,145,120,165,120,8,6,46,43,16,34,36,49,30,8,7.25,1.2083333333333333,0.38333333333333336,0.35833333333333334,6,5.666666666666666,9.8,1.375,0.13333333333333333,9.8,5.666666666666666,8,11,64.74358974358975
CPL,1148680,2018-09-16,2018,Guyana Amazon Warriors,Trinbago Knight Riders,0,0,0,-3,147,120,150,105,9,3,43,28,18,46,36,39,30,7,7.3500000000000005,1.225,0.35833333333333334,0.26666666666666666,3,7.666666666666666,7.800000000000001,1.4285714285714286,0.15,7.800000000000001,7.666666666666666,7,12,46.794871794871796
CPL,1148680,2018-09-16,2018,Trinbago Knight Riders,Guyana Amazon Warriors,1,1,0,3,150,105,147,120,3,9,28,43,17,49,36,37,15,7,8.571428571428571,1.4285714285714286,0.26666666666666666,0.35833333333333334,9,8.166666666666668,14.8,1.225,0.1619047619047619,14.8,8.166666666666668,7,13,90.38461538461539
CPL,1185837,2019-09-04,2019,Trinbago Knight Riders,St Kitts and Nevis Patriots,1,0,0,11,152,120,141,118,7,10,51,52,17,37,36,51,30,10,7.6,1.2666666666666666,0.425,0.4406779661016949,10,6.166666666666666,10.2,1.194915254237288,0.14166666666666666,10.2,6.166666666666666,10,10,25.0
CPL,1185837,2019-09-04,2019,St Kitts and Nevis Patriots,Trinbago Knight Riders,0,1,0,-11,141,118,152,120,10,7,52,51,16,42,36,57,28,10,7.169491525423728,1.194915254237288,0.4406779661016949,0.425,7,7.0,12.214285714285714,1.2666666666666666,0.13559322033898305,12.214285714285714,7.0,10,10,57.05128205128205
CPL,1185838,2019-09-05,2019,Guyana Amazon Warriors,St Lucia Zouks,1,0,0,13,155,120,142,120,9,9,44,54,17,31,36,66,30,12,7.75,1.2916666666666667,0.36666666666666664,0.45,9,5.166666666666667,13.200000000000001,1.1833333333333333,0.14166666666666666,13.200000000000001,5.166666666666667,12,12,91.66666666666666
CPL,1185838,2019-09-05,2019,St Lucia Zouks,Guyana Amazon Warriors,0,1,0,-13,142,120,155,120,9,9,54,44,20,53,36,33,30,12,7.1,1.1833333333333333,0.45,0.36666666666666664,9,8.833333333333334,6.6000000000000005,1.2916666666666667,0.16666666666666666,6.6000000000000005,8.833333333333334,12,9,19.871794871794872
CPL,1185839,2019-09-06,2019,Trinbago Knight Riders,Jamaica Tallawahs,1,0,0,22,191,120,169,120,4,6,38,54,26,68,36,47,30,5,9.549999999999999,1.5916666666666666,0.31666666666666665,0.45,6,11.333333333333332,9.4,1.4083333333333334,0.21666666666666667,9.4,11.333333333333332,5,10,25.0
CPL,1185839,2019-09-06,2019,Jamaica Tallawahs,Trinbago Knight Riders,0,1,0,-22,169,120,191,120,6,4,54,38,21,39,36,56,30,5,8.450000000000001,1.4083333333333334,0.45,0.31666666666666665,4,6.5,11.2,1.5916666666666666,0.175,11.2,6.5,5,10,36.53846153846153
CPL,1185840,2019-09-07,2019,St Kitts and Nevis Patriots,Guyana Amazon Warriors,0,0,0,-6,153,120,159,113,8,2,47,44,19,31,36,62,30,9,7.6499999999999995,1.275,0.39166666666666666,0.3893805309734513,2,5.166666666666667,12.400000000000002,1.407079646017699,0.15833333333333333,12.400000000000002,5.166666666666667,9,10,57.05128205128205
CPL,1185840,2019-09-07,2019,Guyana Amazon Warriors,St Kitts and Nevis Patriots,1,1,0,6,159,113,153,120,2,8,44,47,24,55,36,34,23,9,8.442477876106194,1.407079646017699,0.3893805309734513,0.39166666666666666,8,9.166666666666666,8.869565217391305,1.275,0.21238938053097345,8.869565217391305,9.166666666666666,9,12,91.66666666666666
CPL,1185841,2019-09-08,2019,St Lucia Zouks,Trinbago Knight Riders,0,0,0,-1,167,120,168,107,5,3,50,34,22,51,36,50,30,6,8.35,1.3916666666666666,0.4166666666666667,0.3177570093457944,3,8.5,10.0,1.5700934579439252,0.18333333333333332,10.0,8.5,6,9,19.871794871794872
CPL,1185841,2019-09-08,2019,Trinbago Knight Riders,St Lucia Zouks,1,1,0,1,168,107,167,120,3,5,34,50,20,52,36,31,17,6,9.42056074766355,1.5700934579439252,0.3177570093457944,0.4166666666666667,5,8.666666666666666,10.941176470588236,1.3916666666666666,0.18691588785046728,10.941176470588236,8.666666666666666,6,10,25.0
CPL,1185842,2019-09-08,2019,Guyana Amazon Warriors,Barbados Tridents,1,0,0,47,180,120,133,100,4,10,44,32,22,31,36,78,30,8,9.0,1.5,0.36666666666666664,0.32,10,5.166666666666667,15.600000000000001,1.33,0.18333333333333332,15.600000000000001,5.166666666666667,8,12,91.66666666666666
CPL,1185842,2019-09-08,2019,Barbados Tridents,Guyana Amazon Warriors,0,1,0,-47,133,100,180,120,10,4,32,44,17,44,36,13,10,8,7.98,1.33,0.32,0.36666666666666664,4,7.333333333333334,7.800000000000001,1.5,0.17,7.800000000000001,7.333333333333334,8,13,67.3076923076923
CPL,1185843,2019-09-10,2019,Jamaica Tallawahs,St Kitts and Nevis Patriots,0,0,0,-1,241,120,242,113,4,6,43,31,32,47,36,71,30,9,12.05,2.0083333333333333,0.35833333333333334,0.2743362831858407,6,7.833333333333334,14.2,2.1415929203539825,0.26666666666666666,14.2,7.833333333333334,9,10,36.53846153846153
CPL,1185843,2019-09-10,2019,St Kitts and Nevis Patriots,Jamaica Tallawahs,1,1,0,1,242,113,241,120,6,4,31,43,37,89,36,54,23,9,12.849557522123895,2.1415929203539825,0.2743362831858407,0.35833333333333334,4,14.833333333333334,14.086956521739133,2.0083333333333333,0.3274336283185841,14.086956521739133,14.833333333333334,9,10,57.05128205128205
CPL,1185844,2019-09-11,2019,Barbados Tridents,St Kitts and Nevis Patriots,1,0,0,18,186,120,168,120,2,9,37,52,24,38,36,66,30,8,9.3,1.55,0.30833333333333335,0.43333333333333335,9,6.333333333333334,13.200000000000001,1.4,0.2,13.200000000000001,6.333333333333334,8,13,67.3076923076923
CPL,1185844,2019-09-11,2019,St Kitts and Nevis Patriots,Barbados Tridents,0,1,0,-18,168,120,186,120,9,2,52,37,25,40,36,61,30,8,8.399999999999999,1.4,0.43333333333333335,0.30833333333333335,2,6.666666666666667,12.2,1.55,0.20833333333333334,12.2,6.666666666666667,8,10,57.05128205128205
CPL,1185845,2019-09-12,2019,Jamaica Tallawahs,St Lucia Zouks,0,0,0,-1,170,120,171,100,6,5,46,36,20,59,36,31,30,7,8.5,1.4166666666666667,0.38333333333333336,0.36,5,9.833333333333332,6.200000000000001,1.71,0.16666666666666666,6.200000000000001,9.833333333333332,7,10,36.53846153846153
CPL,1185845,2019-09-12,2019,St Lucia Zouks,Jamaica Tallawahs,1,1,0,1,171,100,170,120,5,6,36,46,22,79,36,18,10,7,10.26,1.71,0.36,0.38333333333333336,6,13.166666666666668,10.8,1.4166666666666667,0.22,10.8,13.166666666666668,7,9,19.871794871794872
CPL,1185846,2019-09-13,2019,Trinbago Knight Riders,Jamaica Tallawahs,1,0,0,41,267,120,226,120,2,6,34,43,38,65,36,87,30,3,13.350000000000001,2.225,0.2833333333333333,0.35833333333333334,6,10.833333333333334,17.4,1.8833333333333333,0.31666666666666665,17.4,10.833333333333334,3,10,25.0
CPL,1185846,2019-09-13,2019,Jamaica Tallawahs,Trinbago Knight Riders,0,1,0,-41,226,120,267,120,6,2,43,34,35,67,36,69,30,3,11.3,1.8833333333333333,0.35833333333333334,0.2833333333333333,2,11.166666666666668,13.799999999999999,2.225,0.2916666666666667,13.799999999999999,11.166666666666668,3,10,36.53846153846153
CPL,1185847,2019-09-14,2019,St Kitts and Nevis Patriots,Guyana Amazon Warriors,0,0,0,-1,121,114,122,95,10,3,50,42,13,36,36,24,24,8,6.368421052631579,1.0614035087719298,0.43859649122807015,0.4421052631578947,3,6.0,6.0,1.2842105263157895,0.11403508771929824,6.0,6.0,8,10,57.05128205128205
CPL,1185847,2019-09-14,2019,Guyana Amazon Warriors,St Kitts and Nevis Patriots,1,1,0,1,122,95,121,114,3,10,42,50,17,64,36,6,5,8,7.705263157894737,1.2842105263157895,0.4421052631578947,0.43859649122807015,10,10.666666666666666,7.199999999999999,1.0614035087719298,0.17894736842105263,7.199999999999999,10.666666666666666,8,12,91.66666666666666
CPL,1185848,2019-09-15,2019,Barbados Tridents,Jamaica Tallawahs,0,0,0,-5,140,120,145,111,9,6,50,53,16,44,36,27,30,10,7.0,1.1666666666666667,0.4166666666666667,0.4774774774774775,6,7.333333333333334,5.4,1.3063063063063063,0.13333333333333333,5.4,7.333333333333334,10,13,67.3076923076923
CPL,1185848,2019-09-15,2019,Jamaica Tallawahs,Barbados Tridents,1,1,0,5,145,111,140,120,6,9,53,50,18,51,36,27,21,10,7.837837837837838,1.3063063063063063,0.4774774774774775,0.4166666666666667,9,8.5,7.714285714285715,1.1666666666666667,0.16216216216216217,7.714285714285715,8.5,10,10,36.53846153846153
CPL,1185849,2019-09-15,2019,St Lucia Zouks,St Kitts and Nevis Patriots,0,0,0,-5,138,120,143,89,9,4,59,37,18,43,36,39,30,12,6.8999999999999995,1.15,0.49166666666666664,0.4157303370786517,4,7.166666666666666,7.800000000000001,1.6067415730337078,0.15,7.800000000000001,7.166666666666666,12,9,19.871794871794872
CPL,1185849,2019-09-15,2019,St Kitts and Nevis Patriots,St Lucia Zouks,1,1,0,5,143,89,138,120,4,9,37,59,18,62,36,0,0,12,9.640449438202246,1.6067415730337078,0.4157303370786517,0.49166666666666664,9,10.333333333333334,,1.15,0.20224719101123595,,10.333333333333334,12,10,57.05128205128205
CPL,1185851,2019-09-18,2019,Guyana Amazon Warriors,Jamaica Tallawahs,1,0,0,81,218,120,137,105,6,10,47,46,33,52,36,62,30,14,10.9,1.8166666666666667,0.39166666666666666,0.4380952380952381,10,8.666666666666666,12.400000000000002,1.3047619047619048,0.275,12.400000000000002,8.666666666666666,14,12,91.66666666666666
CPL,1185851,2019-09-18,2019,Jamaica Tallawahs,Guyana Amazon Warriors,0,1,0,-81,137,105,218,120,10,6,46,47,16,40,36,14,15,14,7.828571428571429,1.3047619047619048,0.4380952380952381,0.39166666666666666,6,6.666666666666667,5.6,1.8166666666666667,0.1523809523809524,5.6,6.666666666666667,14,10,36.53846153846153
CPL,1185852,2019-09-19,2019,St Kitts and Nevis Patriots,Jamaica Tallawahs,1,0,0,20,176,120,156,119,6,10,47,53,24,38,36,81,30,11,8.799999999999999,1.4666666666666666,0.39166666666666666,0.44537815126050423,10,6.333333333333334,16.200000000000003,1.3109243697478992,0.2,16.200000000000003,6.333333333333334,11,10,57.05128205128205
CPL,1185852,2019-09-19,2019,Jamaica Tallawahs,St Kitts and Nevis Patriots,0,1,0,-20,156,119,176,120,10,6,53,47,20,44,36,38,29,11,7.865546218487395,1.3109243697478992,0.44537815126050423,0.39166666666666666,6,7.333333333333334,7.862068965517241,1.4666666666666666,0.16806722689075632,7.862068965517241,7.333333333333334,11,10,36.53846153846153
CPL,1185853,2019-09-20,2019,Barbados Tridents,St Lucia Zouks,1,0,0,71,172,120,101,89,6,9,40,42,19,63,36,57,30,10,8.6,1.4333333333333333,0.3333333333333333,0.47191011235955055,9,10.5,11.399999999999999,1.1348314606741574,0.15833333333333333,11.399999999999999,10.5,10,13,67.3076923076923
CPL,1185853,2019-09-20,2019,St Lucia Zouks,Barbados Tridents,0,1,0,-71,101,89,172,120,9,6,42,40,13,48,36,0,0,10,6.808988764044944,1.1348314606741574,0.47191011235955055,0.3333333333333333,6,8.0,,1.4333333333333333,0.14606741573033707,,8.0,10,9,19.871794871794872
CPL,1185855,2019-09-22,2019,Barbados Tridents,Guyana Amazon Warriors,0,0,0,57,138,116,81,66,10,2,47,30,14,63,36,24,26,8,7.137931034482759,1.1896551724137931,0.4051724137931034,0.45454545454545453,2,10.5,5.538461538461538,1.2272727272727273,0.1206896551724138,5.538461538461538,10.5,8,13,67.3076923076923
CPL,1185855,2019-09-22,2019,Guyana Amazon Warriors,Barbados Tridents,1,1,0,-57,81,66,138,116,2,10,30,47,11,52,36,0,0,8,7.363636363636363,1.2272727272727273,0.45454545454545453,0.4051724137931034,10,8.666666666666666,,1.1896551724137931,0.16666666666666666,,8.666666666666666,8,12,91.66666666666666
CPL,1185856,2019-09-23,2019,Jamaica Tallawahs,Barbados Tridents,1,0,1,5,127,120,122,120,10,9,52,57,13,43,36,42,30,16,6.35,1.0583333333333333,0.43333333333333335,0.475,9,7.166666666666666,8.399999999999999,1.0166666666666666,0.10833333333333334,8.399999999999999,7.166666666666666,16,10,36.53846153846153
CPL,1185856,2019-09-23,2019,Barbados Tridents,Jamaica Tallawahs,0,1,1,-5,122,120,127,120,9,10,57,52,13,32,36,41,30,16,6.1,1.0166666666666666,0.475,0.43333333333333335,10,5.333333333333333,8.2,1.0583333333333333,0.10833333333333334,8.2,5.333333333333333,16,13,67.3076923076923
CPL,1185857,2019-09-24,2019,St Lucia Zouks,St Kitts and Nevis Patriots,1,0,0,20,165,120,145,120,6,9,36,46,17,59,36,49,30,8,8.25,1.375,0.3,0.38333333333333336,9,9.833333333333332,9.8,1.2083333333333333,0.14166666666666666,9.8,9.833333333333332,8,9,19.871794871794872
CPL,1185857,2019-09-24,2019,St Kitts and Nevis Patriots,St Lucia Zouks,0,1,0,-20,145,120,165,120,9,6,46,36,11,38,36,42,30,8,7.25,1.2083333333333333,0.38333333333333336,0.3,6,6.333333333333334,8.399999999999999,1.375,0.09166666666666666,8.399999999999999,6.333333333333334,8,10,57.05128205128205
CPL,1185858,2019-09-25,2019,St Lucia Zouks,Guyana Amazon Warriors,0,0,0,-1,161,120,162,110,7,2,50,35,19,32,36,36,30,6,8.049999999999999,1.3416666666666666,0.4166666666666667,0.3181818181818182,2,5.333333333333333,7.199999999999999,1.4727272727272727,0.15833333333333333,7.199999999999999,5.333333333333333,6,9,19.871794871794872
CPL,1185858,2019-09-25,2019,Guyana Amazon Warriors,St Lucia Zouks,1,1,0,1,162,110,161,120,2,7,35,50,17,57,36,28,20,6,8.836363636363636,1.4727272727272727,0.3181818181818182,0.4166666666666667,7,9.5,8.399999999999999,1.3416666666666666,0.15454545454545454,8.399999999999999,9.5,6,12,91.66666666666666
CPL,1185859,2019-09-26,2019,Barbados Tridents,Trinbago Knight Riders,1,0,0,63,192,120,129,106,5,10,43,52,26,42,36,76,30,12,9.600000000000001,1.6,0.35833333333333334,0.49056603773584906,10,7.0,15.2,1.2169811320754718,0.21666666666666667,15.2,7.0,12,13,67.3076923076923
CPL,1185859,2019-09-26,2019,Trinbago Knight Riders,Barbados Tridents,0,1,0,-63,129,106,192,120,10,5,52,43,13,67,36,16,16,12,7.30188679245283,1.2169811320754718,0.49056603773584906,0.35833333333333334,5,11.166666666666668,6.0,1.6,0.12264150943396226,6.0,11.166666666666668,12,10,25.0
CPL,1185860,2019-09-27,2019,Jamaica Tallawahs,St Lucia Zouks,0,0,0,-4,165,120,169,115,7,6,48,46,21,60,36,30,30,10,8.25,1.375,0.4,0.4,6,10.0,6.0,1.4695652173913043,0.175,6.0,10.0,10,10,36.53846153846153
CPL,1185860,2019-09-27,2019,St Lucia Zouks,Jamaica Tallawahs,1,1,0,4,169,115,165,120,6,7,46,48,21,66,36,38,25,10,8.817391304347826,1.4695652173913043,0.4,0.4,7,11.0,9.120000000000001,1.375,0.1826086956521739,9.120000000000001,11.0,10,9,19.871794871794872
CPL,1185861,2019-09-28,2019,St Kitts and Nevis Patriots,Barbados Tridents,1,0,1,1,149,120,148,120,7,10,49,48,18,32,36,44,30,10,7.45,1.2416666666666667,0.4083333333333333,0.4,10,5.333333333333333,8.799999999999999,1.2333333333333334,0.15,8.799999999999999,5.333333333333333,10,10,57.05128205128205
CPL,1185861,2019-09-28,2019,Barbados Tridents,St Kitts and Nevis Patriots,0,1,1,-1,148,120,149,120,10,7,48,49,14,40,36,49,30,10,7.4,1.2333333333333334,0.4,0.4083333333333333,7,6.666666666666667,9.8,1.2416666666666667,0.11666666666666667,9.8,6.666666666666667,10,13,67.3076923076923
CPL,1185862,2019-09-29,2019,Barbados Tridents,St Lucia Zouks,1,0,0,24,141,120,117,112,6,10,46,61,12,48,36,41,30,12,7.050000000000001,1.175,0.38333333333333336,0.5446428571428571,10,8.0,8.2,1.0446428571428572,0.1,8.2,8.0,12,13,67.3076923076923
CPL,1185862,2019-09-29,2019,St Lucia Zouks,Barbados Tridents,0,1,0,-24,117,112,141,120,10,6,61,46,14,59,36,12,22,12,6.267857142857143,1.0446428571428572,0.5446428571428571,0.38333333333333336,6,9.833333333333332,3.2727272727272725,1.175,0.125,3.2727272727272725,9.833333333333332,12,9,19.871794871794872
CPL,1185863,2019-09-30,2019,Guyana Amazon Warriors,Trinbago Knight Riders,1,0,0,19,185,120,166,120,6,5,45,45,23,35,36,66,30,10,9.25,1.5416666666666667,0.375,0.375,5,5.833333333333333,13.200000000000001,1.3833333333333333,0.19166666666666668,13.200000000000001,5.833333333333333,10,12,91.66666666666666
CPL,1185863,2019-09-30,2019,Trinbago Knight Riders,Guyana Amazon Warriors,0,1,0,-19,166,120,185,120,5,6,45,45,21,38,36,57,30,10,8.3,1.3833333333333333,0.375,0.375,6,6.333333333333334,11.399999999999999,1.5416666666666667,0.175,11.399999999999999,6.333333333333334,10,10,25.0
CPL,1185864,2019-10-02,2019,Trinbago Knight Riders,Barbados Tridents,0,0,0,-1,134,120,135,118,8,3,53,41,14,44,36,30,30,5,6.7,1.1166666666666667,0.44166666666666665,0.3474576271186441,3,7.333333333333334,6.0,1.1440677966101696,0.11666666666666667,6.0,7.333333333333334,5,10,25.0
CPL,1185864,2019-10-02,2019,Barbados Tridents,Trinbago Knight Riders,1,1,0,1,135,118,134,120,3,8,41,53,15,43,36,30,28,5,6.864406779661017,1.1440677966101696,0.3474576271186441,0.44166666666666665,8,7.166666666666666,6.428571428571429,1.1166666666666667,0.1271186440677966,6.428571428571429,7.166666666666666,5,13,67.3076923076923
CPL,1185865,2019-10-03,2019,Guyana Amazon Warriors,Jamaica Tallawahs,1,0,0,77,156,120,79,99,6,10,42,54,14,45,36,56,30,7,7.800000000000001,1.3,0.35,0.5454545454545454,10,7.5,11.2,0.797979797979798,0.11666666666666667,11.2,7.5,7,12,91.66666666666666
CPL,1185865,2019-10-03,2019,Jamaica Tallawahs,Guyana Amazon Warriors,0,1,0,-77,79,99,156,120,10,6,54,42,9,26,36,9,9,7,4.787878787878788,0.797979797979798,0.5454545454545454,0.35,6,4.333333333333333,6.0,1.3,0.09090909090909091,6.0,4.333333333333333,7,10,36.53846153846153
CPL,1185866,2019-10-04,2019,Trinbago Knight Riders,Guyana Amazon Warriors,0,0,0,-1,143,120,144,112,5,3,53,45,17,40,36,54,30,4,7.15,1.1916666666666667,0.44166666666666665,0.4017857142857143,3,6.666666666666667,10.8,1.2857142857142858,0.14166666666666666,10.8,6.666666666666667,4,10,25.0
CPL,1185866,2019-10-04,2019,Guyana Amazon Warriors,Trinbago Knight Riders,1,1,0,1,144,112,143,120,3,5,45,53,20,43,36,47,22,4,7.714285714285715,1.2857142857142858,0.4017857142857143,0.44166666666666665,5,7.166666666666666,12.818181818181817,1.1916666666666667,0.17857142857142858,12.818181818181817,7.166666666666666,4,12,91.66666666666666
CPL,1185867,2019-10-06,2019,Guyana Amazon Warriors,Barbados Tridents,1,0,0,30,218,120,188,120,3,8,38,43,29,48,36,98,30,5,10.9,1.8166666666666667,0.31666666666666665,0.35833333333333334,8,8.0,19.6,1.5666666666666667,0.24166666666666667,19.6,8.0,5,12,91.66666666666666
CPL,1185867,2019-10-06,2019,Barbados Tridents,Guyana Amazon Warriors,0,1,0,-30,188,120,218,120,8,3,43,38,24,56,36,68,30,5,9.4,1.5666666666666667,0.35833333333333334,0.31666666666666665,3,9.333333333333334,13.6,1.8166666666666667,0.2,13.6,9.333333333333334,5,13,67.3076923076923
CPL,1185868,2019-10-06,2019,St Kitts and Nevis Patriots,Trinbago Knight Riders,0,0,0,-3,125,120,128,112,7,4,58,52,15,30,36,41,30,7,6.25,1.0416666666666667,0.48333333333333334,0.4642857142857143,4,5.0,8.2,1.1428571428571428,0.125,8.2,5.0,7,10,57.05128205128205
CPL,1185868,2019-10-06,2019,Trinbago Knight Riders,St Kitts and Nevis Patriots,1,1,0,3,128,112,125,120,4,7,52,58,15,31,36,57,22,7,6.857142857142857,1.1428571428571428,0.4642857142857143,0.48333333333333334,7,5.166666666666667,15.545454545454545,1.0416666666666667,0.13392857142857142,15.545454545454545,5.166666666666667,7,10,25.0
CPL,1185869,2019-10-10,2019,Barbados Tridents,Trinbago Knight Riders,1,0,0,12,160,120,148,117,7,10,47,49,17,31,36,63,30,11,8.0,1.3333333333333333,0.39166666666666666,0.4188034188034188,10,5.166666666666667,12.600000000000001,1.264957264957265,0.14166666666666666,12.600000000000001,5.166666666666667,11,13,67.3076923076923
CPL,1185869,2019-10-10,2019,Trinbago Knight Riders,Barbados Tridents,0,1,0,-12,148,117,160,120,10,7,49,47,18,50,36,38,27,11,7.589743589743589,1.264957264957265,0.4188034188034188,0.39166666666666666,7,8.333333333333332,8.444444444444445,1.3333333333333333,0.15384615384615385,8.444444444444445,8.333333333333332,11,10,25.0
CPL,1185870,2019-10-12,2019,Barbados Tridents,Guyana Amazon Warriors,1,0,0,27,171,120,144,120,6,9,44,46,22,44,36,62,30,13,8.55,1.425,0.36666666666666664,0.38333333333333336,9,7.333333333333334,12.400000000000002,1.2,0.18333333333333332,12.400000000000002,7.333333333333334,13,13,67.3076923076923
CPL,1185870,2019-10-12,2019,Guyana Amazon Warriors,Barbados Tridents,0,1,0,-27,144,120,171,120,9,6,46,44,15,38,36,49,30,13,7.199999999999999,1.2,0.38333333333333336,0.36666666666666664,6,6.333333333333334,9.8,1.425,0.125,9.8,6.333333333333334,13,12,91.66666666666666
CPL,1227865,2020-08-18,2020,Guyana Amazon Warriors,Trinbago Knight Riders,0,0,0,-3,144,102,147,100,5,6,32,38,12,37,36,22,12,9,8.470588235294118,1.411764705882353,0.3137254901960784,0.38,6,6.166666666666666,11.0,1.47,0.11764705882352941,11.0,6.166666666666666,9,11,40.38461538461539
CPL,1227865,2020-08-18,2020,Trinbago Knight Riders,Guyana Amazon Warriors,1,1,0,3,147,100,144,102,6,5,38,32,15,45,36,16,10,9,8.82,1.47,0.38,0.3137254901960784,5,7.5,9.600000000000001,1.411764705882353,0.15,9.600000000000001,7.5,9,12,83.97435897435898
CPL,1227866,2020-08-18,2020,Barbados Tridents,St Kitts and Nevis Patriots,1,0,1,6,153,120,147,120,9,5,48,41,15,51,36,30,30,10,7.6499999999999995,1.275,0.4,0.3416666666666667,5,8.5,6.0,1.225,0.125,6.0,8.5,10,10,26.282051282051285
CPL,1227866,2020-08-18,2020,St Kitts and Nevis Patriots,Barbados Tridents,0,1,1,-6,147,120,153,120,5,9,41,48,14,33,36,38,30,10,7.3500000000000005,1.225,0.3416666666666667,0.4,9,5.5,7.6,1.275,0.11666666666666667,7.6,5.5,10,9,7.051282051282051
CPL,1227867,2020-08-19,2020,St Lucia Zouks,Jamaica Tallawahs,0,0,0,-2,158,120,160,113,7,5,49,46,18,52,36,39,30,10,7.9,1.3166666666666667,0.4083333333333333,0.40707964601769914,5,8.666666666666666,7.800000000000001,1.415929203539823,0.15,7.800000000000001,8.666666666666666,10,12,98.07692307692307
CPL,1227867,2020-08-19,2020,Jamaica Tallawahs,St Lucia Zouks,1,1,0,2,160,113,158,120,5,7,46,49,21,36,36,46,23,10,8.495575221238937,1.415929203539823,0.40707964601769914,0.4083333333333333,7,6.0,12.0,1.3166666666666667,0.18584070796460178,12.0,6.0,10,10,22.435897435897438
CPL,1227868,2020-08-19,2020,St Kitts and Nevis Patriots,Guyana Amazon Warriors,0,0,1,-4,127,120,131,102,8,7,50,38,13,54,36,27,30,9,6.35,1.0583333333333333,0.4166666666666667,0.37254901960784315,7,9.0,5.4,1.2843137254901962,0.10833333333333334,5.4,9.0,9,9,7.051282051282051
CPL,1227868,2020-08-19,2020,Guyana Amazon Warriors,St Kitts and Nevis Patriots,1,1,1,4,131,102,127,120,7,8,38,50,17,45,36,21,12,9,7.7058823529411775,1.2843137254901962,0.37254901960784315,0.4166666666666667,8,7.5,10.5,1.0583333333333333,0.16666666666666666,10.5,7.5,9,11,40.38461538461539
CPL,1227869,2020-08-20,2020,Barbados Tridents,St Lucia Zouks,0,0,0,81,131,109,50,25,7,3,41,8,13,53,36,21,19,10,7.211009174311926,1.201834862385321,0.3761467889908257,0.32,3,8.833333333333334,6.631578947368421,2.0,0.11926605504587157,6.631578947368421,8.833333333333334,10,10,26.282051282051285
CPL,1227869,2020-08-20,2020,St Lucia Zouks,Barbados Tridents,1,1,0,-81,50,25,131,109,3,7,8,41,9,50,25,0,0,10,12.0,2.0,0.32,0.3761467889908257,7,12.0,,1.201834862385321,0.36,,12.0,10,12,98.07692307692307
CPL,1227870,2020-08-20,2020,Jamaica Tallawahs,Trinbago Knight Riders,0,0,0,-1,135,120,136,109,8,3,59,52,15,46,36,36,30,6,6.75,1.125,0.49166666666666664,0.47706422018348627,3,7.666666666666666,7.199999999999999,1.2477064220183487,0.125,7.199999999999999,7.666666666666666,6,10,22.435897435897438
CPL,1227870,2020-08-20,2020,Trinbago Knight Riders,Jamaica Tallawahs,1,1,0,1,136,109,135,120,3,8,52,59,18,38,36,34,19,6,7.486238532110092,1.2477064220183487,0.47706422018348627,0.49166666666666664,8,6.333333333333334,10.736842105263158,1.125,0.1651376146788991,10.736842105263158,6.333333333333334,6,12,83.97435897435898
CPL,1227871,2020-08-22,2020,St Lucia Zouks,St Kitts and Nevis Patriots,1,0,1,10,172,120,162,120,6,8,45,48,20,64,36,49,30,12,8.6,1.4333333333333333,0.375,0.4,8,10.666666666666666,9.8,1.35,0.16666666666666666,9.8,10.666666666666666,12,12,98.07692307692307
CPL,1227871,2020-08-22,2020,St Kitts and Nevis Patriots,St Lucia Zouks,0,1,1,-10,162,120,172,120,8,6,48,45,18,52,36,52,30,12,8.100000000000001,1.35,0.4,0.375,6,8.666666666666666,10.4,1.4333333333333333,0.15,10.4,8.666666666666666,12,9,7.051282051282051
CPL,1227872,2020-08-22,2020,Guyana Amazon Warriors,Jamaica Tallawahs,1,0,0,14,118,115,104,120,10,7,62,80,12,57,36,24,25,9,6.156521739130435,1.0260869565217392,0.5391304347826087,0.6666666666666666,7,9.5,5.76,0.8666666666666667,0.10434782608695652,5.76,9.5,9,11,40.38461538461539
CPL,1227872,2020-08-22,2020,Jamaica Tallawahs,Guyana Amazon Warriors,0,1,0,-14,104,120,118,115,7,10,80,62,14,16,36,52,30,9,5.2,0.8666666666666667,0.6666666666666666,0.5391304347826087,10,2.6666666666666665,10.4,1.0260869565217392,0.11666666666666667,10.4,2.6666666666666665,9,10,22.435897435897438
CPL,1227873,2020-08-23,2020,Trinbago Knight Riders,Barbados Tridents,1,0,0,19,185,120,166,120,3,6,51,45,26,45,36,77,30,5,9.25,1.5416666666666667,0.425,0.375,6,7.5,15.400000000000002,1.3833333333333333,0.21666666666666667,15.400000000000002,7.5,5,12,83.97435897435898
CPL,1227873,2020-08-23,2020,Barbados Tridents,Trinbago Knight Riders,0,1,0,-19,166,120,185,120,6,3,45,51,18,59,36,56,30,5,8.3,1.3833333333333333,0.375,0.425,3,9.833333333333332,11.2,1.5416666666666667,0.15,11.2,9.833333333333332,5,10,26.282051282051285
CPL,1227874,2020-08-23,2020,St Lucia Zouks,Guyana Amazon Warriors,1,0,1,10,144,120,134,120,7,8,44,55,15,41,36,42,30,12,7.199999999999999,1.2,0.36666666666666664,0.4583333333333333,8,6.833333333333333,8.399999999999999,1.1166666666666667,0.125,8.399999999999999,6.833333333333333,12,12,98.07692307692307
CPL,1227874,2020-08-23,2020,Guyana Amazon Warriors,St Lucia Zouks,0,1,1,-10,134,120,144,120,8,7,55,44,14,19,36,37,30,12,6.7,1.1166666666666667,0.4583333333333333,0.36666666666666664,7,3.166666666666667,7.4,1.2,0.11666666666666667,7.4,3.166666666666667,12,11,40.38461538461539
CPL,1227875,2020-08-25,2020,Barbados Tridents,St Kitts and Nevis Patriots,0,0,0,-1,151,120,152,117,7,4,51,52,17,39,36,58,30,8,7.55,1.2583333333333333,0.425,0.4444444444444444,4,6.5,11.6,1.2991452991452992,0.14166666666666666,11.6,6.5,8,10,26.282051282051285
CPL,1227875,2020-08-25,2020,St Kitts and Nevis Patriots,Barbados Tridents,1,1,0,1,152,117,151,120,4,7,52,51,18,41,36,46,27,8,7.794871794871796,1.2991452991452992,0.4444444444444444,0.425,7,6.833333333333333,10.222222222222221,1.2583333333333333,0.15384615384615385,10.222222222222221,6.833333333333333,8,9,7.051282051282051
CPL,1227876,2020-08-25,2020,Guyana Amazon Warriors,Jamaica Tallawahs,0,0,0,-5,108,120,113,108,9,5,60,54,6,30,36,41,30,7,5.4,0.9,0.5,0.5,5,5.0,8.2,1.0462962962962963,0.05,8.2,5.0,7,11,40.38461538461539
CPL,1227876,2020-08-25,2020,Jamaica Tallawahs,Guyana Amazon Warriors,1,1,0,5,113,108,108,120,5,9,54,60,14,40,36,36,18,7,6.277777777777778,1.0462962962962963,0.5,0.5,9,6.666666666666667,12.0,0.9,0.12962962962962962,12.0,6.666666666666667,7,10,22.435897435897438
CPL,1227877,2020-08-26,2020,St Lucia Zouks,Trinbago Knight Riders,0,0,0,39,111,103,72,48,6,4,42,19,10,43,36,5,13,7,6.466019417475728,1.0776699029126213,0.4077669902912621,0.3958333333333333,4,7.166666666666666,2.307692307692308,1.5,0.0970873786407767,2.307692307692308,7.166666666666666,7,12,98.07692307692307
CPL,1227877,2020-08-26,2020,Trinbago Knight Riders,St Lucia Zouks,1,1,0,-39,72,48,111,103,4,6,19,42,7,50,36,0,0,7,9.0,1.5,0.3958333333333333,0.4077669902912621,6,8.333333333333332,,1.0776699029126213,0.14583333333333334,,8.333333333333332,7,12,83.97435897435898
CPL,1227878,2020-08-26,2020,Barbados Tridents,Jamaica Tallawahs,1,0,0,36,148,120,112,120,7,9,51,68,16,37,36,54,30,10,7.4,1.2333333333333334,0.425,0.5666666666666667,9,6.166666666666666,10.8,0.9333333333333333,0.13333333333333333,10.8,6.166666666666666,10,10,26.282051282051285
CPL,1227878,2020-08-26,2020,Jamaica Tallawahs,Barbados Tridents,0,1,0,-36,112,120,148,120,9,7,68,51,12,26,36,43,30,10,5.6,0.9333333333333333,0.5666666666666667,0.425,7,4.333333333333333,8.6,1.2333333333333334,0.1,8.6,4.333333333333333,10,10,22.435897435897438
CPL,1227879,2020-08-27,2020,St Kitts and Nevis Patriots,St Lucia Zouks,0,0,0,-1,110,120,111,88,9,4,58,42,7,22,36,44,30,11,5.5,0.9166666666666666,0.48333333333333334,0.4772727272727273,4,3.666666666666667,8.799999999999999,1.2613636363636365,0.058333333333333334,8.799999999999999,3.666666666666667,11,9,7.051282051282051
CPL,1227879,2020-08-27,2020,St Lucia Zouks,St Kitts and Nevis Patriots,1,1,0,1,111,88,110,120,4,9,42,58,15,47,36,0,0,11,7.568181818181818,1.2613636363636365,0.4772727272727273,0.48333333333333334,9,7.833333333333334,,0.9166666666666666,0.17045454545454544,,7.833333333333334,11,12,98.07692307692307
CPL,1227880,2020-08-27,2020,Guyana Amazon Warriors,Trinbago Knight Riders,0,0,0,-3,112,120,115,110,7,3,56,52,9,39,36,39,30,4,5.6,0.9333333333333333,0.4666666666666667,0.4727272727272727,3,6.5,7.800000000000001,1.0454545454545454,0.075,7.800000000000001,6.5,4,11,40.38461538461539
CPL,1227880,2020-08-27,2020,Trinbago Knight Riders,Guyana Amazon Warriors,1,1,0,3,115,110,112,120,3,7,52,56,13,34,36,35,20,4,6.2727272727272725,1.0454545454545454,0.4727272727272727,0.4666666666666667,7,5.666666666666666,10.5,0.9333333333333333,0.11818181818181818,10.5,5.666666666666666,4,12,83.97435897435898
CPL,1227881,2020-08-29,2020,Barbados Tridents,Trinbago Knight Riders,0,0,1,-1,148,120,149,119,7,8,48,56,17,37,36,51,30,11,7.4,1.2333333333333334,0.4,0.47058823529411764,8,6.166666666666666,10.2,1.2521008403361344,0.14166666666666666,10.2,6.166666666666666,11,10,26.282051282051285
CPL,1227881,2020-08-29,2020,Trinbago Knight Riders,Barbados Tridents,1,1,1,1,149,119,148,120,8,7,56,48,18,27,36,70,29,11,7.512605042016807,1.2521008403361344,0.47058823529411764,0.4,7,4.5,14.482758620689655,1.2333333333333334,0.15126050420168066,14.482758620689655,4.5,11,12,83.97435897435898
CPL,1227882,2020-08-29,2020,Jamaica Tallawahs,St Kitts and Nevis Patriots,1,0,0,37,147,120,110,118,6,10,49,56,14,28,36,56,30,9,7.3500000000000005,1.225,0.4083333333333333,0.4745762711864407,10,4.666666666666667,11.2,0.9322033898305084,0.11666666666666667,11.2,4.666666666666667,9,10,22.435897435897438
CPL,1227882,2020-08-29,2020,St Kitts and Nevis Patriots,Jamaica Tallawahs,0,1,0,-37,110,118,147,120,10,6,56,49,10,39,36,23,28,9,5.59322033898305,0.9322033898305084,0.4745762711864407,0.4083333333333333,6,6.5,4.928571428571429,1.225,0.0847457627118644,4.928571428571429,6.5,9,9,7.051282051282051
CPL,1227883,2020-08-30,2020,St Lucia Zouks,Barbados Tridents,1,0,1,3,92,108,89,120,10,7,56,59,8,35,36,12,18,8,5.111111111111111,0.8518518518518519,0.5185185185185185,0.49166666666666664,7,5.833333333333333,4.0,0.7416666666666667,0.07407407407407407,4.0,5.833333333333333,8,12,98.07692307692307
CPL,1227883,2020-08-30,2020,Barbados Tridents,St Lucia Zouks,0,1,1,-3,89,120,92,108,7,10,59,56,6,34,36,18,30,8,4.45,0.7416666666666667,0.49166666666666664,0.5185185185185185,10,5.666666666666666,3.5999999999999996,0.8518518518518519,0.05,3.5999999999999996,5.666666666666666,8,10,26.282051282051285
CPL,1227884,2020-08-30,2020,St Kitts and Nevis Patriots,Guyana Amazon Warriors,0,0,0,-3,150,120,153,105,5,3,44,39,14,33,36,53,30,2,7.5,1.25,0.36666666666666664,0.37142857142857144,3,5.5,10.6,1.457142857142857,0.11666666666666667,10.6,5.5,2,9,7.051282051282051
CPL,1227884,2020-08-30,2020,Guyana Amazon Warriors,St Kitts and Nevis Patriots,1,1,0,3,153,105,150,120,3,5,39,44,17,26,36,42,15,2,8.742857142857142,1.457142857142857,0.37142857142857144,0.36666666666666664,5,4.333333333333333,16.799999999999997,1.25,0.1619047619047619,16.799999999999997,4.333333333333333,2,11,40.38461538461539
CPL,1227885,2020-09-01,2020,Trinbago Knight Riders,Jamaica Tallawahs,1,0,0,19,184,120,165,120,4,6,47,46,25,49,36,71,30,5,9.200000000000001,1.5333333333333334,0.39166666666666666,0.38333333333333336,6,8.166666666666668,14.2,1.375,0.20833333333333334,14.2,8.166666666666668,5,12,83.97435897435898
CPL,1227885,2020-09-01,2020,Jamaica Tallawahs,Trinbago Knight Riders,0,1,0,-19,165,120,184,120,6,4,46,47,21,35,36,67,30,5,8.25,1.375,0.38333333333333336,0.39166666666666666,4,5.833333333333333,13.4,1.5333333333333334,0.175,13.4,5.833333333333333,5,10,22.435897435897438
CPL,1227886,2020-09-01,2020,Barbados Tridents,Guyana Amazon Warriors,0,0,0,-1,92,120,93,100,10,2,69,49,6,14,36,36,30,5,4.6000000000000005,0.7666666666666667,0.575,0.49,2,2.3333333333333335,7.199999999999999,0.93,0.05,7.199999999999999,2.3333333333333335,5,10,26.282051282051285
CPL,1227886,2020-09-01,2020,Guyana Amazon Warriors,Barbados Tridents,1,1,0,1,93,100,92,120,2,10,49,69,7,31,36,9,10,5,5.58,0.93,0.49,0.575,10,5.166666666666667,5.4,0.7666666666666667,0.07,5.4,5.166666666666667,5,11,40.38461538461539
CPL,1227887,2020-09-02,2020,Trinbago Knight Riders,St Kitts and Nevis Patriots,1,0,0,59,174,120,115,120,5,7,46,57,20,52,36,49,30,8,8.7,1.45,0.38333333333333336,0.475,7,8.666666666666666,9.8,0.9583333333333334,0.16666666666666666,9.8,8.666666666666666,8,12,83.97435897435898
CPL,1227887,2020-09-02,2020,St Kitts and Nevis Patriots,Trinbago Knight Riders,0,1,0,-59,115,120,174,120,7,5,57,46,10,34,36,30,30,8,5.75,0.9583333333333334,0.475,0.38333333333333336,5,5.666666666666666,6.0,1.45,0.08333333333333333,6.0,5.666666666666666,8,9,7.051282051282051
CPL,1227888,2020-09-02,2020,St Lucia Zouks,Guyana Amazon Warriors,0,0,0,-1,109,120,110,83,7,3,65,39,11,27,36,44,30,7,5.45,0.9083333333333333,0.5416666666666666,0.46987951807228917,3,4.5,8.799999999999999,1.3253012048192772,0.09166666666666666,8.799999999999999,4.5,7,12,98.07692307692307
CPL,1227888,2020-09-02,2020,Guyana Amazon Warriors,St Lucia Zouks,1,1,0,1,110,83,109,120,3,7,39,65,15,38,36,0,0,7,7.951807228915663,1.3253012048192772,0.46987951807228917,0.5416666666666666,7,6.333333333333334,,0.9083333333333333,0.18072289156626506,,6.333333333333334,7,11,40.38461538461539
CPL,1227890,2020-09-03,2020,Barbados Tridents,Guyana Amazon Warriors,0,0,0,-1,89,120,90,86,9,4,72,43,9,28,36,24,30,8,4.45,0.7416666666666667,0.6,0.5,4,4.666666666666667,4.800000000000001,1.0465116279069768,0.075,4.800000000000001,4.666666666666667,8,10,26.282051282051285
CPL,1227890,2020-09-03,2020,Guyana Amazon Warriors,Barbados Tridents,1,1,0,1,90,86,89,120,4,9,43,72,8,40,36,0,0,8,6.279069767441861,1.0465116279069768,0.5,0.6,9,6.666666666666667,,0.7416666666666667,0.09302325581395349,,6.666666666666667,8,11,40.38461538461539
CPL,1227891,2020-09-05,2020,Trinbago Knight Riders,St Lucia Zouks,1,0,0,23,175,120,152,120,5,7,43,41,18,47,36,67,30,10,8.75,1.4583333333333333,0.35833333333333334,0.3416666666666667,7,7.833333333333334,13.4,1.2666666666666666,0.15,13.4,7.833333333333334,10,12,83.97435897435898
CPL,1227891,2020-09-05,2020,St Lucia Zouks,Trinbago Knight Riders,0,1,0,-23,152,120,175,120,7,5,41,43,14,26,36,41,30,10,7.6,1.2666666666666666,0.3416666666666667,0.35833333333333334,5,4.333333333333333,8.2,1.4583333333333333,0.11666666666666667,8.2,4.333333333333333,10,12,98.07692307692307
CPL,1227892,2020-09-05,2020,Jamaica Tallawahs,Barbados Tridents,0,0,0,-4,161,120,165,110,4,3,47,44,20,44,36,49,30,3,8.049999999999999,1.3416666666666666,0.39166666666666666,0.4,3,7.333333333333334,9.8,1.5,0.16666666666666666,9.8,7.333333333333334,3,10,22.435897435897438
CPL,1227892,2020-09-05,2020,Barbados Tridents,Jamaica Tallawahs,1,1,0,4,165,110,161,120,3,4,44,47,22,61,36,34,20,3,9.0,1.5,0.4,0.39166666666666666,4,10.166666666666666,10.2,1.3416666666666666,0.2,10.2,10.166666666666666,3,10,26.282051282051285
CPL,1227893,2020-09-06,2020,St Kitts and Nevis Patriots,Trinbago Knight Riders,0,0,0,-1,77,110,78,69,10,1,66,27,5,27,36,12,20,7,4.199999999999999,0.7,0.6,0.391304347826087,1,4.5,3.5999999999999996,1.1304347826086956,0.045454545454545456,3.5999999999999996,4.5,7,9,7.051282051282051
CPL,1227893,2020-09-06,2020,Trinbago Knight Riders,St Kitts and Nevis Patriots,1,1,0,1,78,69,77,110,1,10,27,66,8,42,36,0,0,7,6.782608695652174,1.1304347826086956,0.391304347826087,0.6,10,7.0,,0.7,0.11594202898550725,,7.0,7,12,83.97435897435898
CPL,1227894,2020-09-06,2020,St Lucia Zouks,Jamaica Tallawahs,1,0,0,11,145,120,134,120,6,9,55,47,14,35,36,45,30,8,7.25,1.2083333333333333,0.4583333333333333,0.39166666666666666,9,5.833333333333333,9.0,1.1166666666666667,0.11666666666666667,9.0,5.833333333333333,8,12,98.07692307692307
CPL,1227894,2020-09-06,2020,Jamaica Tallawahs,St Lucia Zouks,0,1,0,-11,134,120,145,120,9,6,47,55,10,46,36,38,30,8,6.7,1.1166666666666667,0.39166666666666666,0.4583333333333333,6,7.666666666666666,7.6,1.2083333333333333,0.08333333333333333,7.6,7.666666666666666,8,10,22.435897435897438
CPL,1227895,2020-09-08,2020,Jamaica Tallawahs,Trinbago Knight Riders,0,0,0,-4,107,120,111,90,7,1,65,46,9,28,36,34,30,5,5.3500000000000005,0.8916666666666667,0.5416666666666666,0.5111111111111111,1,4.666666666666667,6.8,1.2333333333333334,0.075,6.8,4.666666666666667,5,10,22.435897435897438
CPL,1227895,2020-09-08,2020,Trinbago Knight Riders,Jamaica Tallawahs,1,1,0,4,111,90,107,120,1,7,46,65,16,42,36,0,0,5,7.4,1.2333333333333334,0.5111111111111111,0.5416666666666666,7,7.0,,0.8916666666666667,0.17777777777777778,,7.0,5,12,83.97435897435898
CPL,1227896,2020-09-08,2020,Guyana Amazon Warriors,St Lucia Zouks,0,0,0,-1,55,82,56,27,10,0,47,11,4,21,36,0,0,6,4.024390243902439,0.6707317073170732,0.573170731707317,0.4074074074074074,0,3.5,,2.074074074074074,0.04878048780487805,,3.5,6,11,40.38461538461539
CPL,1227896,2020-09-08,2020,St Lucia Zouks,Guyana Amazon Warriors,1,1,0,1,56,27,55,82,0,10,11,47,9,56,27,0,0,6,12.444444444444443,2.074074074074074,0.4074074074074074,0.573170731707317,10,12.444444444444443,,0.6707317073170732,0.3333333333333333,,12.444444444444443,6,12,98.07692307692307
CPL,1227897,2020-09-10,2020,St Lucia Zouks,Trinbago Knight Riders,0,0,0,-3,154,115,157,109,10,2,47,44,20,60,36,31,25,8,8.034782608695652,1.3391304347826087,0.40869565217391307,0.4036697247706422,2,10.0,7.4399999999999995,1.4403669724770642,0.17391304347826086,7.4399999999999995,10.0,8,12,98.07692307692307
CPL,1227897,2020-09-10,2020,Trinbago Knight Riders,St Lucia Zouks,1,1,0,3,157,109,154,115,2,10,44,47,22,40,36,47,19,8,8.642201834862385,1.4403669724770642,0.4036697247706422,0.40869565217391307,10,6.666666666666667,14.842105263157896,1.3391304347826087,0.2018348623853211,14.842105263157896,6.666666666666667,8,12,83.97435897435898
CPL,1269700,2021-08-26,2021,Guyana Amazon Warriors,Trinbago Knight Riders,1,0,1,9,142,120,133,120,7,9,54,58,16,43,36,54,30,14,7.1,1.1833333333333333,0.45,0.48333333333333334,9,7.166666666666666,10.8,1.1083333333333334,0.13333333333333333,10.8,7.166666666666666,14,10,66.02564102564102
CPL,1269700,2021-08-26,2021,Trinbago Knight Riders,Guyana Amazon Warriors,0,1,1,-9,133,120,142,120,9,7,58,54,13,50,36,44,30,14,6.65,1.1083333333333334,0.48333333333333334,0.45,7,8.333333333333332,8.799999999999999,1.1833333333333333,0.10833333333333334,8.799999999999999,8.333333333333332,14,10,35.256410256410255
CPL,1269701,2021-08-26,2021,St Kitts and Nevis Patriots,Barbados Royals,1,0,0,21,175,120,154,120,5,7,54,45,19,38,36,68,30,9,8.75,1.4583333333333333,0.45,0.375,7,6.333333333333334,13.6,1.2833333333333334,0.15833333333333333,13.6,6.333333333333334,9,12,42.94871794871795
CPL,1269701,2021-08-26,2021,Barbados Royals,St Kitts and Nevis Patriots,0,1,0,-21,154,120,175,120,7,5,45,54,16,48,36,47,30,9,7.700000000000001,1.2833333333333334,0.375,0.45,5,8.0,9.4,1.4583333333333333,0.13333333333333333,9.4,8.0,9,10,13.461538461538462
CPL,1269702,2021-08-27,2021,Jamaica Tallawahs,St Lucia Kings,1,0,0,120,255,120,135,105,5,10,34,49,35,81,36,85,30,15,12.75,2.125,0.2833333333333333,0.4666666666666667,10,13.5,17.0,1.2857142857142858,0.2916666666666667,17.0,13.5,15,10,69.87179487179486
CPL,1269702,2021-08-27,2021,St Lucia Kings,Jamaica Tallawahs,0,1,0,-120,135,105,255,120,10,5,49,34,21,66,36,15,15,15,7.714285714285715,1.2857142857142858,0.4666666666666667,0.2833333333333333,5,11.0,6.0,2.125,0.2,6.0,11.0,15,12,86.53846153846155
CPL,1269703,2021-08-27,2021,Barbados Royals,Trinbago Knight Riders,0,0,0,-3,122,116,125,101,10,4,58,51,12,37,36,13,26,14,6.310344827586206,1.0517241379310345,0.5,0.504950495049505,4,6.166666666666666,3.0,1.2376237623762376,0.10344827586206896,3.0,6.166666666666666,14,10,13.461538461538462
CPL,1269703,2021-08-27,2021,Trinbago Knight Riders,Barbados Royals,1,1,0,3,125,101,122,116,4,10,51,58,15,28,36,17,11,14,7.425742574257425,1.2376237623762376,0.504950495049505,0.5,10,4.666666666666667,9.272727272727273,1.0517241379310345,0.1485148514851485,9.272727272727273,4.666666666666667,14,10,35.256410256410255
CPL,1269704,2021-08-28,2021,Guyana Amazon Warriors,St Kitts and Nevis Patriots,0,0,0,-1,146,120,147,113,8,2,55,51,13,31,36,39,30,8,7.299999999999999,1.2166666666666666,0.4583333333333333,0.45132743362831856,2,5.166666666666667,7.800000000000001,1.3008849557522124,0.10833333333333334,7.800000000000001,5.166666666666667,8,10,66.02564102564102
CPL,1269704,2021-08-28,2021,St Kitts and Nevis Patriots,Guyana Amazon Warriors,1,1,0,1,147,113,146,120,2,8,51,55,18,42,36,30,23,8,7.8053097345132745,1.3008849557522124,0.45132743362831856,0.4583333333333333,8,7.0,7.826086956521739,1.2166666666666666,0.1592920353982301,7.826086956521739,7.0,8,12,42.94871794871795
CPL,1269705,2021-08-28,2021,Barbados Royals,Jamaica Tallawahs,1,0,0,15,161,120,146,120,5,9,45,54,19,48,36,64,30,12,8.049999999999999,1.3416666666666666,0.375,0.45,9,8.0,12.8,1.2166666666666666,0.15833333333333333,12.8,8.0,12,10,13.461538461538462
CPL,1269705,2021-08-28,2021,Jamaica Tallawahs,Barbados Royals,0,1,0,-15,146,120,161,120,9,5,54,45,17,36,36,43,30,12,7.299999999999999,1.2166666666666666,0.45,0.375,5,6.0,8.6,1.3416666666666666,0.14166666666666666,8.6,6.0,12,10,69.87179487179486
CPL,1269706,2021-08-29,2021,St Lucia Kings,Trinbago Knight Riders,1,0,1,5,157,120,152,120,5,3,53,57,19,52,36,42,30,5,7.85,1.3083333333333333,0.44166666666666665,0.475,3,8.666666666666666,8.399999999999999,1.2666666666666666,0.15833333333333333,8.399999999999999,8.666666666666666,5,12,86.53846153846155
CPL,1269706,2021-08-29,2021,Trinbago Knight Riders,St Lucia Kings,0,1,1,-5,152,120,157,120,3,5,57,53,19,35,36,56,30,5,7.6,1.2666666666666666,0.475,0.44166666666666665,5,5.833333333333333,11.2,1.3083333333333333,0.15833333333333333,11.2,5.833333333333333,5,10,35.256410256410255
CPL,1269707,2021-08-29,2021,Guyana Amazon Warriors,St Kitts and Nevis Patriots,0,0,0,-2,166,120,168,116,3,4,38,46,18,46,36,43,30,6,8.3,1.3833333333333333,0.31666666666666665,0.39655172413793105,4,7.666666666666666,8.6,1.4482758620689655,0.15,8.6,7.666666666666666,6,10,66.02564102564102
CPL,1269707,2021-08-29,2021,St Kitts and Nevis Patriots,Guyana Amazon Warriors,1,1,0,2,168,116,166,120,4,3,46,38,19,49,36,54,26,6,8.689655172413794,1.4482758620689655,0.39655172413793105,0.31666666666666665,3,8.166666666666668,12.461538461538463,1.3833333333333333,0.16379310344827586,12.461538461538463,8.166666666666668,6,12,42.94871794871795
CPL,1269708,2021-08-31,2021,Trinbago Knight Riders,St Lucia Kings,1,0,0,27,158,120,131,120,7,7,56,54,22,40,36,67,30,10,7.9,1.3166666666666667,0.4666666666666667,0.45,7,6.666666666666667,13.4,1.0916666666666666,0.18333333333333332,13.4,6.666666666666667,10,10,35.256410256410255
CPL,1269708,2021-08-31,2021,St Lucia Kings,Trinbago Knight Riders,0,1,0,-27,131,120,158,120,7,7,54,56,14,45,36,51,30,10,6.549999999999999,1.0916666666666666,0.45,0.4666666666666667,7,7.5,10.2,1.3166666666666667,0.11666666666666667,10.2,7.5,10,12,86.53846153846155
CPL,1269709,2021-08-31,2021,Barbados Royals,Jamaica Tallawahs,0,0,0,-4,151,120,155,106,8,4,46,41,18,32,36,44,30,10,7.55,1.2583333333333333,0.38333333333333336,0.3867924528301887,4,5.333333333333333,8.799999999999999,1.4622641509433962,0.15,8.799999999999999,5.333333333333333,10,10,13.461538461538462
CPL,1269709,2021-08-31,2021,Jamaica Tallawahs,Barbados Royals,1,1,0,4,155,106,151,120,4,8,41,46,21,38,36,33,16,10,8.773584905660378,1.4622641509433962,0.3867924528301887,0.38333333333333336,8,6.333333333333334,12.375,1.2583333333333333,0.19811320754716982,12.375,6.333333333333334,10,10,69.87179487179486
CPL,1269711,2021-09-01,2021,Jamaica Tallawahs,St Kitts and Nevis Patriots,0,0,0,-3,166,120,169,106,9,4,50,38,20,47,36,54,30,7,8.3,1.3833333333333333,0.4166666666666667,0.3584905660377358,4,7.833333333333334,10.8,1.5943396226415094,0.16666666666666666,10.8,7.833333333333334,7,10,69.87179487179486
CPL,1269711,2021-09-01,2021,St Kitts and Nevis Patriots,Jamaica Tallawahs,1,1,0,3,169,106,166,120,4,9,38,50,20,52,36,52,16,7,9.566037735849056,1.5943396226415094,0.3584905660377358,0.4166666666666667,9,8.666666666666666,19.5,1.3833333333333333,0.18867924528301888,19.5,8.666666666666666,7,12,42.94871794871795
CPL,1269712,2021-09-02,2021,St Lucia Kings,Guyana Amazon Warriors,1,0,0,51,149,120,98,101,7,10,57,67,19,42,36,44,30,15,7.45,1.2416666666666667,0.475,0.6633663366336634,10,7.0,8.799999999999999,0.9702970297029703,0.15833333333333333,8.799999999999999,7.0,15,12,86.53846153846155
CPL,1269712,2021-09-02,2021,Guyana Amazon Warriors,St Lucia Kings,0,1,0,-51,98,101,149,120,10,7,67,57,14,16,36,15,11,15,5.821782178217822,0.9702970297029703,0.6633663366336634,0.475,7,2.6666666666666665,8.181818181818182,1.2416666666666667,0.13861386138613863,8.181818181818182,2.6666666666666665,15,10,66.02564102564102
CPL,1269713,2021-09-02,2021,Barbados Royals,St Kitts and Nevis Patriots,0,0,1,-3,160,120,163,120,8,8,40,49,14,40,36,43,30,13,8.0,1.3333333333333333,0.3333333333333333,0.4083333333333333,8,6.666666666666667,8.6,1.3583333333333334,0.11666666666666667,8.6,6.666666666666667,13,10,13.461538461538462
CPL,1269713,2021-09-02,2021,St Kitts and Nevis Patriots,Barbados Royals,1,1,1,3,163,120,160,120,8,8,49,40,19,49,36,65,30,13,8.15,1.3583333333333334,0.4083333333333333,0.3333333333333333,8,8.166666666666668,13.0,1.3333333333333333,0.15833333333333333,13.0,8.166666666666668,13,12,42.94871794871795
CPL,1269714,2021-09-04,2021,St Lucia Kings,St Kitts and Nevis Patriots,1,0,0,100,224,120,124,101,2,9,25,48,31,71,36,71,30,9,11.2,1.8666666666666667,0.20833333333333334,0.4752475247524752,9,11.833333333333334,14.2,1.2277227722772277,0.25833333333333336,14.2,11.833333333333334,9,12,86.53846153846155
CPL,1269714,2021-09-04,2021,St Kitts and Nevis Patriots,St Lucia Kings,0,1,0,-100,124,101,224,120,9,2,48,25,15,45,36,7,11,9,7.366336633663366,1.2277227722772277,0.4752475247524752,0.20833333333333334,2,7.5,3.8181818181818183,1.8666666666666667,0.1485148514851485,3.8181818181818183,7.5,9,12,42.94871794871795
CPL,1269715,2021-09-04,2021,Barbados Royals,Guyana Amazon Warriors,0,0,0,-6,130,120,136,86,10,1,51,37,15,35,36,39,30,9,6.5,1.0833333333333333,0.425,0.43023255813953487,1,5.833333333333333,7.800000000000001,1.5813953488372092,0.125,7.800000000000001,5.833333333333333,9,10,13.461538461538462
CPL,1269715,2021-09-04,2021,Guyana Amazon Warriors,Barbados Royals,1,1,0,6,136,86,130,120,1,10,37,51,22,71,36,0,0,9,9.488372093023255,1.5813953488372092,0.43023255813953487,0.425,10,11.833333333333334,,1.0833333333333333,0.2558139534883721,,11.833333333333334,9,10,66.02564102564102
CPL,1269716,2021-09-05,2021,St Kitts and Nevis Patriots,St Lucia Kings,0,0,0,-3,118,117,121,94,10,4,65,37,13,42,36,38,27,13,6.051282051282051,1.0085470085470085,0.5555555555555556,0.39361702127659576,4,7.0,8.444444444444445,1.2872340425531914,0.1111111111111111,8.444444444444445,7.0,13,12,42.94871794871795
CPL,1269716,2021-09-05,2021,St Lucia Kings,St Kitts and Nevis Patriots,1,1,0,3,121,94,118,117,4,10,37,65,14,43,36,8,4,13,7.723404255319148,1.2872340425531914,0.39361702127659576,0.5555555555555556,10,7.166666666666666,12.0,1.0085470085470085,0.14893617021276595,12.0,7.166666666666666,13,12,86.53846153846155
CPL,1269717,2021-09-05,2021,Jamaica Tallawahs,Trinbago Knight Riders,0,0,0,-1,144,120,145,103,7,3,57,39,18,15,36,57,30,9,7.199999999999999,1.2,0.475,0.3786407766990291,3,2.5,11.399999999999999,1.4077669902912622,0.15,11.399999999999999,2.5,9,10,69.87179487179486
CPL,1269717,2021-09-05,2021,Trinbago Knight Riders,Jamaica Tallawahs,1,1,0,1,145,103,144,120,3,7,39,57,18,41,36,23,13,9,8.446601941747574,1.4077669902912622,0.3786407766990291,0.475,7,6.833333333333333,10.615384615384615,1.2,0.17475728155339806,10.615384615384615,6.833333333333333,9,10,35.256410256410255
CPL,1269718,2021-09-07,2021,Trinbago Knight Riders,Jamaica Tallawahs,1,0,0,75,167,120,92,110,4,10,44,63,20,36,36,74,30,12,8.35,1.3916666666666666,0.36666666666666664,0.5727272727272728,10,6.0,14.8,0.8363636363636363,0.16666666666666666,14.8,6.0,12,10,35.256410256410255
CPL,1269718,2021-09-07,2021,Jamaica Tallawahs,Trinbago Knight Riders,0,1,0,-75,92,110,167,120,10,4,63,44,8,28,36,15,20,12,5.018181818181818,0.8363636363636363,0.5727272727272728,0.36666666666666664,4,4.666666666666667,4.5,1.3916666666666666,0.07272727272727272,4.5,4.666666666666667,12,10,69.87179487179486
CPL,1269719,2021-09-07,2021,Barbados Royals,Guyana Amazon Warriors,1,0,0,45,185,120,140,104,8,10,51,42,26,67,36,51,30,14,9.25,1.5416666666666667,0.425,0.40384615384615385,10,11.166666666666668,10.2,1.3461538461538463,0.21666666666666667,10.2,11.166666666666668,14,10,13.461538461538462
CPL,1269719,2021-09-07,2021,Guyana Amazon Warriors,Barbados Royals,0,1,0,-45,140,104,185,120,10,8,42,51,16,39,36,16,14,14,8.076923076923077,1.3461538461538463,0.40384615384615385,0.425,8,6.5,6.857142857142857,1.5416666666666667,0.15384615384615385,6.857142857142857,6.5,14,10,66.02564102564102
CPL,1269720,2021-09-08,2021,Jamaica Tallawahs,St Kitts and Nevis Patriots,1,0,0,22,169,120,147,120,8,8,57,51,21,40,36,45,30,14,8.450000000000001,1.4083333333333334,0.475,0.425,8,6.666666666666667,9.0,1.225,0.175,9.0,6.666666666666667,14,10,69.87179487179486
CPL,1269720,2021-09-08,2021,St Kitts and Nevis Patriots,Jamaica Tallawahs,0,1,0,-22,147,120,169,120,8,8,51,57,16,34,36,49,30,14,7.3500000000000005,1.225,0.425,0.475,8,5.666666666666666,9.8,1.4083333333333334,0.13333333333333333,9.8,5.666666666666666,14,12,42.94871794871795
CPL,1269721,2021-09-08,2021,Guyana Amazon Warriors,St Lucia Kings,1,0,0,17,151,120,134,120,6,6,53,47,19,32,36,57,30,7,7.55,1.2583333333333333,0.44166666666666665,0.39166666666666666,6,5.333333333333333,11.399999999999999,1.1166666666666667,0.15833333333333333,11.399999999999999,5.333333333333333,7,10,66.02564102564102
CPL,1269721,2021-09-08,2021,St Lucia Kings,Guyana Amazon Warriors,0,1,0,-17,134,120,151,120,6,6,47,53,11,38,36,27,30,7,6.7,1.1166666666666667,0.39166666666666666,0.44166666666666665,6,6.333333333333334,5.4,1.2583333333333333,0.09166666666666666,5.4,6.333333333333334,7,12,86.53846153846155
CPL,1269722,2021-09-09,2021,Barbados Royals,Trinbago Knight Riders,0,0,0,-6,93,120,99,101,9,4,70,49,12,36,36,29,30,9,4.65,0.775,0.5833333333333334,0.48514851485148514,4,6.0,5.8,0.9801980198019802,0.1,5.8,6.0,9,10,13.461538461538462
CPL,1269722,2021-09-09,2021,Trinbago Knight Riders,Barbados Royals,1,1,0,6,99,101,93,120,4,9,49,70,12,34,36,14,11,9,5.881188118811881,0.9801980198019802,0.48514851485148514,0.5833333333333334,9,5.666666666666666,7.636363636363637,0.775,0.1188118811881188,7.636363636363637,5.666666666666666,9,10,35.256410256410255
CPL,1269723,2021-09-09,2021,Jamaica Tallawahs,St Lucia Kings,1,0,0,55,211,120,156,109,10,10,45,39,28,78,36,64,30,20,10.55,1.7583333333333333,0.375,0.3577981651376147,10,13.0,12.8,1.4311926605504588,0.23333333333333334,12.8,13.0,20,10,69.87179487179486
CPL,1269723,2021-09-09,2021,St Lucia Kings,Jamaica Tallawahs,0,1,0,-55,156,109,211,120,10,10,39,45,20,79,36,11,19,20,8.587155963302752,1.4311926605504588,0.3577981651376147,0.375,10,13.166666666666668,3.473684210526316,1.7583333333333333,0.1834862385321101,3.473684210526316,13.166666666666668,20,12,86.53846153846155
CPL,1269724,2021-09-11,2021,St Lucia Kings,Barbados Royals,1,0,0,20,175,120,155,114,6,8,43,48,19,37,36,65,30,11,8.75,1.4583333333333333,0.35833333333333334,0.42105263157894735,8,6.166666666666666,13.0,1.3596491228070176,0.15833333333333333,13.0,6.166666666666666,11,12,86.53846153846155
CPL,1269724,2021-09-11,2021,Barbados Royals,St Lucia Kings,0,1,0,-20,155,114,175,120,8,6,48,43,18,56,36,40,24,11,8.157894736842106,1.3596491228070176,0.42105263157894735,0.35833333333333334,6,9.333333333333334,10.0,1.4583333333333333,0.15789473684210525,10.0,9.333333333333334,11,10,13.461538461538462
CPL,1269725,2021-09-11,2021,Guyana Amazon Warriors,Jamaica Tallawahs,1,0,0,46,169,120,123,115,6,10,42,51,19,46,36,48,30,15,8.450000000000001,1.4083333333333334,0.35,0.4434782608695652,10,7.666666666666666,9.600000000000001,1.0695652173913044,0.15833333333333333,9.600000000000001,7.666666666666666,15,10,66.02564102564102
CPL,1269725,2021-09-11,2021,Jamaica Tallawahs,Guyana Amazon Warriors,0,1,0,-46,123,115,169,120,10,6,51,42,12,41,36,25,25,15,6.417391304347826,1.0695652173913044,0.4434782608695652,0.35,6,6.833333333333333,6.0,1.4083333333333334,0.10434782608695652,6.0,6.833333333333333,15,10,69.87179487179486
CPL,1269726,2021-09-11,2021,Trinbago Knight Riders,St Kitts and Nevis Patriots,0,0,0,-1,159,120,160,88,7,2,45,37,17,28,36,49,30,7,7.949999999999999,1.325,0.375,0.42045454545454547,2,4.666666666666667,9.8,1.8181818181818181,0.14166666666666666,9.8,4.666666666666667,7,10,35.256410256410255
CPL,1269726,2021-09-11,2021,St Kitts and Nevis Patriots,Trinbago Knight Riders,1,1,0,1,160,88,159,120,2,7,37,45,23,67,36,0,0,7,10.909090909090908,1.8181818181818181,0.42045454545454547,0.375,7,11.166666666666668,,1.325,0.26136363636363635,,11.166666666666668,7,12,42.94871794871795
CPL,1269727,2021-09-12,2021,St Lucia Kings,Barbados Royals,0,0,0,-1,190,120,191,113,6,2,45,42,27,54,36,55,30,8,9.5,1.5833333333333333,0.375,0.37168141592920356,2,9.0,11.0,1.6902654867256637,0.225,11.0,9.0,8,12,86.53846153846155
CPL,1269727,2021-09-12,2021,Barbados Royals,St Lucia Kings,1,1,0,1,191,113,190,120,2,6,42,45,24,37,36,49,23,8,10.141592920353983,1.6902654867256637,0.37168141592920356,0.375,6,6.166666666666666,12.782608695652176,1.5833333333333333,0.21238938053097345,12.782608695652176,6.166666666666666,8,10,13.461538461538462
CPL,1269728,2021-09-12,2021,Guyana Amazon Warriors,Jamaica Tallawahs,1,0,0,14,142,108,128,103,7,10,55,55,20,38,36,39,18,10,7.888888888888889,1.3148148148148149,0.5092592592592593,0.5339805825242718,10,6.333333333333334,13.0,1.2427184466019416,0.18518518518518517,13.0,6.333333333333334,10,10,66.02564102564102
CPL,1269728,2021-09-12,2021,Jamaica Tallawahs,Guyana Amazon Warriors,0,1,0,-14,128,103,142,108,10,7,55,55,17,33,36,32,13,10,7.45631067961165,1.2427184466019416,0.5339805825242718,0.5092592592592593,7,5.5,14.76923076923077,1.3148148148148149,0.1650485436893204,14.76923076923077,5.5,10,10,69.87179487179486
CPL,1269729,2021-09-12,2021,St Kitts and Nevis Patriots,Trinbago Knight Riders,0,0,0,-3,147,120,150,114,7,6,48,50,17,51,36,36,30,9,7.3500000000000005,1.225,0.4,0.43859649122807015,6,8.5,7.199999999999999,1.3157894736842106,0.14166666666666666,7.199999999999999,8.5,9,12,42.94871794871795
CPL,1269729,2021-09-12,2021,Trinbago Knight Riders,St Kitts and Nevis Patriots,1,1,0,3,150,114,147,120,6,7,50,48,18,34,36,33,24,9,7.894736842105264,1.3157894736842106,0.43859649122807015,0.4,7,5.666666666666666,8.25,1.225,0.15789473684210525,8.25,5.666666666666666,9,10,35.256410256410255
CPL,1269730,2021-09-14,2021,St Lucia Kings,Trinbago Knight Riders,1,0,0,21,205,120,184,117,4,10,41,45,25,58,36,72,30,12,10.25,1.7083333333333333,0.3416666666666667,0.38461538461538464,10,9.666666666666668,14.399999999999999,1.5726495726495726,0.20833333333333334,14.399999999999999,9.666666666666668,12,12,86.53846153846155
CPL,1269730,2021-09-14,2021,Trinbago Knight Riders,St Lucia Kings,0,1,0,-21,184,117,205,120,10,4,45,41,22,66,36,35,27,12,9.435897435897436,1.5726495726495726,0.38461538461538464,0.3416666666666667,4,11.0,7.777777777777778,1.7083333333333333,0.18803418803418803,7.777777777777778,11.0,12,10,35.256410256410255
CPL,1269731,2021-09-14,2021,Guyana Amazon Warriors,St Kitts and Nevis Patriots,0,0,0,-3,178,120,181,107,9,3,47,43,20,55,36,53,30,8,8.9,1.4833333333333334,0.39166666666666666,0.40186915887850466,3,9.166666666666666,10.6,1.691588785046729,0.16666666666666666,10.6,9.166666666666666,8,10,66.02564102564102
CPL,1269731,2021-09-14,2021,St Kitts and Nevis Patriots,Guyana Amazon Warriors,1,1,0,3,181,107,178,120,3,9,43,47,24,68,36,30,17,8,10.149532710280374,1.691588785046729,0.40186915887850466,0.39166666666666666,9,11.333333333333332,10.588235294117647,1.4833333333333334,0.22429906542056074,10.588235294117647,11.333333333333332,8,12,42.94871794871795
CPL,1269732,2021-09-15,2021,St Lucia Kings,St Kitts and Nevis Patriots,0,0,1,-1,159,120,160,120,7,7,55,43,20,46,36,57,30,9,7.949999999999999,1.325,0.4583333333333333,0.35833333333333334,7,7.666666666666666,11.399999999999999,1.3333333333333333,0.16666666666666666,11.399999999999999,7.666666666666666,9,12,86.53846153846155
CPL,1269732,2021-09-15,2021,St Kitts and Nevis Patriots,St Lucia Kings,1,1,1,1,160,120,159,120,7,7,43,55,18,40,36,55,30,9,8.0,1.3333333333333333,0.35833333333333334,0.4583333333333333,7,6.666666666666667,11.0,1.325,0.15,11.0,6.666666666666667,9,12,42.94871794871795
CPL,1323144,2022-08-31,2022,Jamaica Tallawahs,St Kitts and Nevis Patriots,1,0,0,47,183,120,136,120,2,8,53,48,24,48,36,65,30,8,9.149999999999999,1.525,0.44166666666666665,0.4,8,8.0,13.0,1.1333333333333333,0.2,13.0,8.0,8,12,31.41025641025641
CPL,1323144,2022-08-31,2022,St Kitts and Nevis Patriots,Jamaica Tallawahs,0,1,0,-47,136,120,183,120,8,2,48,53,12,36,36,33,30,8,6.8,1.1333333333333333,0.4,0.44166666666666665,2,6.0,6.6000000000000005,1.525,0.1,6.6000000000000005,6.0,8,8,18.58974358974359
CPL,1323145,2022-09-01,2022,St Lucia Kings,Trinbago Knight Riders,0,0,1,-5,143,120,148,116,9,7,51,51,17,33,36,49,30,14,7.15,1.1916666666666667,0.425,0.4396551724137931,7,5.5,9.8,1.2758620689655173,0.14166666666666666,9.8,5.5,14,10,75.0
CPL,1323145,2022-09-01,2022,Trinbago Knight Riders,St Lucia Kings,1,1,1,5,148,116,143,120,7,9,51,51,17,44,36,29,26,14,7.655172413793104,1.2758620689655173,0.4396551724137931,0.425,9,7.333333333333334,6.6923076923076925,1.1916666666666667,0.14655172413793102,6.6923076923076925,7.333333333333334,14,9,39.1025641025641
CPL,1323146,2022-09-01,2022,St Kitts and Nevis Patriots,Barbados Royals,0,0,0,-1,149,102,150,91,8,3,29,30,18,51,36,15,12,11,8.76470588235294,1.4607843137254901,0.28431372549019607,0.32967032967032966,3,8.5,7.5,1.6483516483516483,0.17647058823529413,7.5,8.5,11,8,18.58974358974359
CPL,1323146,2022-09-01,2022,Barbados Royals,St Kitts and Nevis Patriots,1,1,0,1,150,91,149,102,3,8,30,29,18,64,36,1,1,11,9.89010989010989,1.6483516483516483,0.32967032967032966,0.28431372549019607,8,10.666666666666666,6.0,1.4607843137254901,0.1978021978021978,6.0,10.666666666666666,11,12,81.41025641025641
CPL,1323147,2022-09-03,2022,Guyana Amazon Warriors,Jamaica Tallawahs,0,0,0,-1,142,120,143,116,6,6,51,51,16,15,36,62,30,10,7.1,1.1833333333333333,0.425,0.4396551724137931,6,2.5,12.400000000000002,1.2327586206896552,0.13333333333333333,12.400000000000002,2.5,10,11,58.333333333333336
CPL,1323147,2022-09-03,2022,Jamaica Tallawahs,Guyana Amazon Warriors,1,1,0,1,143,116,142,120,6,6,51,51,17,33,36,64,26,10,7.3965517241379315,1.2327586206896552,0.4396551724137931,0.425,6,5.5,14.76923076923077,1.1833333333333333,0.14655172413793102,14.76923076923077,5.5,10,12,31.41025641025641
CPL,1323149,2022-09-04,2022,Barbados Royals,St Lucia Kings,1,0,0,71,162,120,91,54,7,4,42,18,21,57,36,45,30,8,8.100000000000001,1.35,0.35,0.3333333333333333,4,9.5,9.0,1.6851851851851851,0.175,9.0,9.5,8,12,81.41025641025641
CPL,1323149,2022-09-04,2022,St Lucia Kings,Barbados Royals,0,1,0,-71,91,54,162,120,4,7,18,42,10,48,36,0,0,8,10.11111111111111,1.6851851851851851,0.3333333333333333,0.35,7,8.0,,1.35,0.18518518518518517,,8.0,8,10,75.0
CPL,1323151,2022-09-07,2022,Barbados Royals,Trinbago Knight Riders,1,0,0,143,194,120,51,48,4,7,36,23,27,60,36,64,30,10,9.7,1.6166666666666667,0.3,0.4791666666666667,7,10.0,12.8,1.0625,0.225,12.8,10.0,10,12,81.41025641025641
CPL,1323151,2022-09-07,2022,Trinbago Knight Riders,Barbados Royals,0,1,0,-143,51,48,194,120,7,4,23,36,6,42,36,0,0,10,6.375,1.0625,0.4791666666666667,0.3,4,7.0,,1.6166666666666667,0.125,,7.0,10,9,39.1025641025641
CPL,1323152,2022-09-07,2022,Jamaica Tallawahs,St Lucia Kings,0,0,1,-1,163,120,164,119,8,8,42,38,17,47,36,50,30,12,8.15,1.3583333333333334,0.35,0.31932773109243695,8,7.833333333333334,10.0,1.3781512605042017,0.14166666666666666,10.0,7.833333333333334,12,12,31.41025641025641
CPL,1323152,2022-09-07,2022,St Lucia Kings,Jamaica Tallawahs,1,1,1,1,164,119,163,120,8,8,38,42,18,38,36,48,29,12,8.26890756302521,1.3781512605042017,0.31932773109243695,0.35,8,6.333333333333334,9.931034482758621,1.3583333333333334,0.15126050420168066,9.931034482758621,6.333333333333334,12,10,75.0
CPL,1323153,2022-09-08,2022,Guyana Amazon Warriors,St Kitts and Nevis Patriots,0,0,0,-1,162,120,163,118,6,6,43,38,13,41,36,61,30,9,8.100000000000001,1.35,0.35833333333333334,0.3220338983050847,6,6.833333333333333,12.2,1.38135593220339,0.10833333333333334,12.2,6.833333333333333,9,11,58.333333333333336
CPL,1323153,2022-09-08,2022,St Kitts and Nevis Patriots,Guyana Amazon Warriors,1,1,0,1,163,118,162,120,6,6,38,43,16,46,36,55,28,9,8.288135593220339,1.38135593220339,0.3220338983050847,0.35833333333333334,6,7.666666666666666,11.785714285714285,1.35,0.13559322033898305,11.785714285714285,7.666666666666666,9,8,18.58974358974359
CPL,1323154,2022-09-08,2022,St Lucia Kings,Barbados Royals,0,0,0,-6,169,120,175,111,6,4,48,31,22,50,36,61,30,10,8.450000000000001,1.4083333333333334,0.4,0.27927927927927926,4,8.333333333333332,12.2,1.5765765765765767,0.18333333333333332,12.2,8.333333333333332,10,10,75.0
CPL,1323154,2022-09-08,2022,Barbados Royals,St Lucia Kings,1,1,0,6,175,111,169,120,4,6,31,48,19,67,36,35,21,10,9.45945945945946,1.5765765765765767,0.27927927927927926,0.4,6,11.166666666666668,10.0,1.4083333333333334,0.17117117117117117,10.0,11.166666666666668,10,12,81.41025641025641
CPL,1323155,2022-09-10,2022,Jamaica Tallawahs,Trinbago Knight Riders,1,0,0,34,153,120,119,120,7,8,58,52,21,29,36,55,30,11,7.6499999999999995,1.275,0.48333333333333334,0.43333333333333335,8,4.833333333333334,11.0,0.9916666666666667,0.175,11.0,4.833333333333334,11,12,31.41025641025641
CPL,1323155,2022-09-10,2022,Trinbago Knight Riders,Jamaica Tallawahs,0,1,0,-34,119,120,153,120,8,7,52,58,8,30,36,32,30,11,5.95,0.9916666666666667,0.43333333333333335,0.48333333333333334,7,5.0,6.4,1.275,0.06666666666666667,6.4,5.0,11,9,39.1025641025641
CPL,1323156,2022-09-10,2022,St Lucia Kings,Guyana Amazon Warriors,0,0,0,-1,161,120,162,110,7,4,50,33,18,77,36,36,30,8,8.049999999999999,1.3416666666666666,0.4166666666666667,0.3,4,12.833333333333332,7.199999999999999,1.4727272727272727,0.15,7.199999999999999,12.833333333333332,8,10,75.0
CPL,1323156,2022-09-10,2022,Guyana Amazon Warriors,St Lucia Kings,1,1,0,1,162,110,161,120,4,7,33,50,19,45,36,40,20,8,8.836363636363636,1.4727272727272727,0.3,0.4166666666666667,7,7.5,12.0,1.3416666666666666,0.17272727272727273,12.0,7.5,8,11,58.333333333333336
CPL,1323157,2022-09-11,2022,Jamaica Tallawahs,Barbados Royals,0,0,0,-1,156,120,157,119,8,2,51,33,18,26,36,37,30,8,7.800000000000001,1.3,0.425,0.2773109243697479,2,4.333333333333333,7.4,1.319327731092437,0.15,7.4,4.333333333333333,8,12,31.41025641025641
CPL,1323157,2022-09-11,2022,Barbados Royals,Jamaica Tallawahs,1,1,0,1,157,119,156,120,2,8,33,51,16,47,36,39,29,8,7.915966386554622,1.319327731092437,0.2773109243697479,0.425,8,7.833333333333334,8.068965517241379,1.3,0.13445378151260504,8.068965517241379,7.833333333333334,8,12,81.41025641025641
CPL,1323158,2022-09-11,2022,St Lucia Kings,St Kitts and Nevis Patriots,1,0,0,61,161,120,100,114,9,10,53,61,20,61,36,34,30,13,8.049999999999999,1.3416666666666666,0.44166666666666665,0.5350877192982456,10,10.166666666666666,6.8,0.8771929824561403,0.16666666666666666,6.8,10.166666666666666,13,10,75.0
CPL,1323158,2022-09-11,2022,St Kitts and Nevis Patriots,St Lucia Kings,0,1,0,-61,100,114,161,120,10,9,61,53,10,48,36,17,24,13,5.263157894736842,0.8771929824561403,0.5350877192982456,0.44166666666666665,9,8.0,4.25,1.3416666666666666,0.08771929824561403,4.25,8.0,13,8,18.58974358974359
CPL,1323159,2022-09-13,2022,Trinbago Knight Riders,Barbados Royals,0,0,0,-4,132,120,136,96,10,2,44,39,10,37,36,34,30,8,6.6000000000000005,1.1,0.36666666666666664,0.40625,2,6.166666666666666,6.8,1.4166666666666667,0.08333333333333333,6.8,6.166666666666666,8,9,39.1025641025641
CPL,1323159,2022-09-13,2022,Barbados Royals,Trinbago Knight Riders,1,1,0,4,136,96,132,120,2,10,39,44,19,58,36,9,6,8,8.5,1.4166666666666667,0.40625,0.36666666666666664,10,9.666666666666668,9.0,1.1,0.19791666666666666,9.0,9.666666666666668,8,12,81.41025641025641
CPL,1323160,2022-09-14,2022,Jamaica Tallawahs,St Kitts and Nevis Patriots,0,0,0,26,139,120,113,75,5,2,54,30,19,49,36,43,30,5,6.950000000000001,1.1583333333333334,0.45,0.4,2,8.166666666666668,8.6,1.5066666666666666,0.15833333333333333,8.6,8.166666666666668,5,12,31.41025641025641
CPL,1323160,2022-09-14,2022,St Kitts and Nevis Patriots,Jamaica Tallawahs,1,1,0,-26,113,75,139,120,2,5,30,54,16,57,36,0,0,5,9.04,1.5066666666666666,0.4,0.45,5,9.5,,1.1583333333333334,0.21333333333333335,,9.5,5,8,18.58974358974359
CPL,1323161,2022-09-14,2022,Trinbago Knight Riders,Guyana Amazon Warriors,1,0,0,26,150,120,124,107,8,10,37,47,14,43,36,45,30,12,7.5,1.25,0.30833333333333335,0.4392523364485981,10,7.166666666666666,9.0,1.158878504672897,0.11666666666666667,9.0,7.166666666666666,12,9,39.1025641025641
CPL,1323161,2022-09-14,2022,Guyana Amazon Warriors,Trinbago Knight Riders,0,1,0,-26,124,107,150,120,10,8,47,37,15,54,36,19,17,12,6.953271028037383,1.158878504672897,0.4392523364485981,0.30833333333333335,8,9.0,6.705882352941177,1.25,0.14018691588785046,6.705882352941177,9.0,12,11,58.333333333333336
CPL,1323162,2022-09-15,2022,Barbados Royals,Jamaica Tallawahs,0,0,1,20,146,120,126,102,6,5,50,45,17,17,36,56,30,7,7.299999999999999,1.2166666666666666,0.4166666666666667,0.4411764705882353,5,2.833333333333333,11.2,1.2352941176470589,0.14166666666666666,11.2,2.833333333333333,7,12,81.41025641025641
CPL,1323162,2022-09-15,2022,Jamaica Tallawahs,Barbados Royals,1,1,1,-20,126,102,146,120,5,6,45,50,14,59,36,12,12,7,7.411764705882353,1.2352941176470589,0.4411764705882353,0.4166666666666667,6,9.833333333333332,6.0,1.2166666666666666,0.13725490196078433,6.0,9.833333333333332,7,12,31.41025641025641
CPL,1323163,2022-09-17,2022,St Lucia Kings,St Kitts and Nevis Patriots,1,0,0,49,189,120,140,120,7,10,40,57,27,60,36,49,30,13,9.45,1.575,0.3333333333333333,0.475,10,10.0,9.8,1.1666666666666667,0.225,9.8,10.0,13,10,75.0
CPL,1323163,2022-09-17,2022,St Kitts and Nevis Patriots,St Lucia Kings,0,1,0,-49,140,120,189,120,10,7,57,40,16,47,36,28,30,13,7.0,1.1666666666666667,0.475,0.3333333333333333,7,7.833333333333334,5.6,1.575,0.13333333333333333,5.6,7.833333333333334,13,8,18.58974358974359
CPL,1323164,2022-09-17,2022,Jamaica Tallawahs,Trinbago Knight Riders,0,0,0,-3,116,120,119,115,7,6,56,52,11,25,36,40,30,10,5.8,0.9666666666666667,0.4666666666666667,0.45217391304347826,6,4.166666666666666,8.0,1.0347826086956522,0.09166666666666666,8.0,4.166666666666666,10,12,31.41025641025641
CPL,1323164,2022-09-17,2022,Trinbago Knight Riders,Jamaica Tallawahs,1,1,0,3,119,115,116,120,6,7,52,56,13,41,36,28,25,10,6.208695652173914,1.0347826086956522,0.45217391304347826,0.4666666666666667,7,6.833333333333333,6.720000000000001,0.9666666666666667,0.11304347826086956,6.720000000000001,6.833333333333333,10,9,39.1025641025641
CPL,1323165,2022-09-18,2022,Barbados Royals,Guyana Amazon Warriors,1,0,0,26,107,96,81,96,6,9,52,58,14,30,36,19,6,12,6.6875,1.1145833333333333,0.5416666666666666,0.6041666666666666,9,5.0,19.0,0.84375,0.14583333333333334,19.0,5.0,12,12,81.41025641025641
CPL,1323165,2022-09-18,2022,Guyana Amazon Warriors,Barbados Royals,0,1,0,-26,81,96,107,96,9,6,58,52,11,27,36,6,6,12,5.0625,0.84375,0.6041666666666666,0.5416666666666666,6,4.5,6.0,1.1145833333333333,0.11458333333333333,6.0,4.5,12,11,58.333333333333336
CPL,1323166,2022-09-18,2022,St Lucia Kings,Trinbago Knight Riders,1,0,1,1,147,120,146,120,6,6,46,42,16,51,36,43,30,8,7.3500000000000005,1.225,0.38333333333333336,0.35,6,8.5,8.6,1.2166666666666666,0.13333333333333333,8.6,8.5,8,10,75.0
CPL,1323166,2022-09-18,2022,Trinbago Knight Riders,St Lucia Kings,0,1,1,-1,146,120,147,120,6,6,42,46,15,45,36,48,30,8,7.299999999999999,1.2166666666666666,0.35,0.38333333333333336,6,7.5,9.600000000000001,1.225,0.125,9.600000000000001,7.5,8,9,39.1025641025641
CPL,1323167,2022-09-21,2022,Barbados Royals,St Kitts and Nevis Patriots,1,0,0,36,156,120,120,117,3,10,52,61,20,43,36,62,30,11,7.800000000000001,1.3,0.43333333333333335,0.5213675213675214,10,7.166666666666666,12.400000000000002,1.0256410256410255,0.16666666666666666,12.400000000000002,7.166666666666666,11,12,81.41025641025641
CPL,1323167,2022-09-21,2022,St Kitts and Nevis Patriots,Barbados Royals,0,1,0,-36,120,117,156,120,10,3,61,52,15,43,36,21,27,11,6.153846153846153,1.0256410256410255,0.5213675213675214,0.43333333333333335,3,7.166666666666666,4.666666666666667,1.3,0.1282051282051282,4.666666666666667,7.166666666666666,11,8,18.58974358974359
CPL,1323168,2022-09-21,2022,Guyana Amazon Warriors,Jamaica Tallawahs,1,0,0,12,178,120,166,119,8,10,52,52,22,37,36,81,30,14,8.9,1.4833333333333334,0.43333333333333335,0.4369747899159664,10,6.166666666666666,16.200000000000003,1.3949579831932772,0.18333333333333332,16.200000000000003,6.166666666666666,14,11,58.333333333333336
CPL,1323168,2022-09-21,2022,Jamaica Tallawahs,Guyana Amazon Warriors,0,1,0,-12,166,119,178,120,10,8,52,52,22,45,36,48,29,14,8.369747899159663,1.3949579831932772,0.4369747899159664,0.43333333333333335,8,7.5,9.931034482758621,1.4833333333333334,0.18487394957983194,9.931034482758621,7.5,14,12,31.41025641025641
CPL,1323169,2022-09-22,2022,St Kitts and Nevis Patriots,Trinbago Knight Riders,1,0,1,7,163,120,156,120,6,7,54,53,21,20,36,83,30,8,8.15,1.3583333333333334,0.45,0.44166666666666665,7,3.3333333333333335,16.6,1.3,0.175,16.6,3.3333333333333335,8,8,18.58974358974359
CPL,1323169,2022-09-22,2022,Trinbago Knight Riders,St Kitts and Nevis Patriots,0,1,1,-7,156,120,163,120,7,6,53,54,16,33,36,51,30,8,7.800000000000001,1.3,0.44166666666666665,0.45,6,5.5,10.2,1.3583333333333334,0.13333333333333333,10.2,5.5,8,9,39.1025641025641
CPL,1323170,2022-09-22,2022,St Lucia Kings,Guyana Amazon Warriors,0,0,0,-1,194,120,195,116,5,4,43,31,27,62,36,58,30,5,9.7,1.6166666666666667,0.35833333333333334,0.2672413793103448,4,10.333333333333334,11.6,1.6810344827586208,0.225,11.6,10.333333333333334,5,10,75.0
CPL,1323170,2022-09-22,2022,Guyana Amazon Warriors,St Lucia Kings,1,1,0,1,195,116,194,120,4,5,31,43,25,71,36,48,26,5,10.086206896551724,1.6810344827586208,0.2672413793103448,0.35833333333333334,5,11.833333333333334,11.076923076923077,1.6166666666666667,0.21551724137931033,11.076923076923077,11.833333333333334,5,11,58.333333333333336
CPL,1323171,2022-09-24,2022,Guyana Amazon Warriors,Trinbago Knight Riders,1,0,0,37,173,120,136,120,6,10,51,55,22,49,36,53,30,12,8.65,1.4416666666666667,0.425,0.4583333333333333,10,8.166666666666668,10.6,1.1333333333333333,0.18333333333333332,10.6,8.166666666666668,12,11,58.333333333333336
CPL,1323171,2022-09-24,2022,Trinbago Knight Riders,Guyana Amazon Warriors,0,1,0,-37,136,120,173,120,10,6,55,51,16,47,36,36,30,12,6.8,1.1333333333333333,0.4583333333333333,0.425,6,7.833333333333334,7.199999999999999,1.4416666666666667,0.13333333333333333,7.199999999999999,7.833333333333334,12,9,39.1025641025641
CPL,1323173,2022-09-25,2022,Barbados Royals,Guyana Amazon Warriors,0,0,0,-1,125,105,126,87,10,5,53,37,14,31,36,28,15,11,7.142857142857142,1.1904761904761905,0.5047619047619047,0.42528735632183906,5,5.166666666666667,11.2,1.4482758620689655,0.13333333333333333,11.2,5.166666666666667,11,12,81.41025641025641
CPL,1323173,2022-09-25,2022,Guyana Amazon Warriors,Barbados Royals,1,1,0,1,126,87,125,105,5,10,37,53,17,43,36,0,0,11,8.689655172413794,1.4482758620689655,0.42528735632183906,0.5047619047619047,10,7.166666666666666,,1.1904761904761905,0.19540229885057472,,7.166666666666666,11,11,58.333333333333336
CPL,1323174,2022-09-27,2022,Barbados Royals,Guyana Amazon Warriors,1,0,0,87,195,120,108,106,5,10,53,48,25,55,36,70,30,7,9.75,1.625,0.44166666666666665,0.4528301886792453,10,9.166666666666666,14.0,1.0188679245283019,0.20833333333333334,14.0,9.166666666666666,7,12,81.41025641025641
CPL,1323174,2022-09-27,2022,Guyana Amazon Warriors,Barbados Royals,0,1,0,-87,108,106,195,120,10,5,48,53,12,36,36,19,16,7,6.113207547169811,1.0188679245283019,0.4528301886792453,0.44166666666666665,5,6.0,7.125,1.625,0.11320754716981132,7.125,6.0,7,11,58.333333333333336
CPL,1323175,2022-09-27,2022,Jamaica Tallawahs,St Lucia Kings,1,0,0,33,148,120,115,108,8,10,52,51,17,29,36,49,30,10,7.4,1.2333333333333334,0.43333333333333335,0.4722222222222222,10,4.833333333333334,9.8,1.0648148148148149,0.14166666666666666,9.8,4.833333333333334,10,12,31.41025641025641
CPL,1323175,2022-09-27,2022,St Lucia Kings,Jamaica Tallawahs,0,1,0,-33,115,108,148,120,10,8,51,52,14,54,36,24,18,10,6.388888888888889,1.0648148148148149,0.4722222222222222,0.43333333333333335,8,9.0,8.0,1.2333333333333334,0.12962962962962962,8.0,9.0,10,10,75.0
CPL,1323176,2022-09-28,2022,Jamaica Tallawahs,Guyana Amazon Warriors,1,0,0,37,226,120,189,120,4,8,38,44,30,37,36,103,30,5,11.3,1.8833333333333333,0.31666666666666665,0.36666666666666664,8,6.166666666666666,20.599999999999998,1.575,0.25,20.599999999999998,6.166666666666666,5,12,31.41025641025641
CPL,1323176,2022-09-28,2022,Guyana Amazon Warriors,Jamaica Tallawahs,0,1,0,-37,189,120,226,120,8,4,44,38,25,62,36,63,30,5,9.45,1.575,0.36666666666666664,0.31666666666666665,4,10.333333333333334,12.600000000000001,1.8833333333333333,0.20833333333333334,12.600000000000001,10.333333333333334,5,11,58.333333333333336
CPL,1323177,2022-09-30,2022,Barbados Royals,Jamaica Tallawahs,0,0,0,-1,161,120,162,97,7,2,52,31,23,63,36,44,30,5,8.049999999999999,1.3416666666666666,0.43333333333333335,0.31958762886597936,2,10.5,8.799999999999999,1.6701030927835052,0.19166666666666668,8.799999999999999,10.5,5,12,81.41025641025641
CPL,1323177,2022-09-30,2022,Jamaica Tallawahs,Barbados Royals,1,1,0,1,162,97,161,120,2,7,31,52,24,41,36,26,7,5,10.02061855670103,1.6701030927835052,0.31958762886597936,0.43333333333333335,7,6.833333333333333,22.285714285714285,1.3416666666666666,0.24742268041237114,22.285714285714285,6.833333333333333,5,12,31.41025641025641
CPL,1369558,2023-08-16,2023,Jamaica Tallawahs,St Lucia Kings,1,0,0,11,187,120,176,120,10,8,42,41,23,47,36,47,30,18,9.35,1.5583333333333333,0.35,0.3416666666666667,8,7.833333333333334,9.4,1.4666666666666666,0.19166666666666668,9.4,7.833333333333334,18,11,62.17948717948718
CPL,1369558,2023-08-16,2023,St Lucia Kings,Jamaica Tallawahs,0,1,0,-11,176,120,187,120,8,10,41,42,21,45,36,60,30,18,8.799999999999999,1.4666666666666666,0.3416666666666667,0.35,10,7.5,12.0,1.5583333333333333,0.175,12.0,7.5,18,9,71.15384615384616
CPL,1369559,2023-08-17,2023,St Lucia Kings,Barbados Royals,1,0,0,54,201,120,147,120,6,10,35,61,22,65,36,53,30,11,10.05,1.675,0.2916666666666667,0.5083333333333333,10,10.833333333333334,10.6,1.225,0.18333333333333332,10.6,10.833333333333334,11,9,71.15384615384616
CPL,1369559,2023-08-17,2023,Barbados Royals,St Lucia Kings,0,1,0,-54,147,120,201,120,10,6,61,35,13,49,36,33,30,11,7.3500000000000005,1.225,0.5083333333333333,0.2916666666666667,6,8.166666666666668,6.6000000000000005,1.675,0.10833333333333334,6.6000000000000005,8.166666666666668,11,9,10.897435897435898
CPL,1369564,2023-08-23,2023,St Kitts and Nevis Patriots,Jamaica Tallawahs,0,0,0,-1,156,120,157,99,9,2,54,36,19,47,36,44,30,9,7.800000000000001,1.3,0.45,0.36363636363636365,2,7.833333333333334,8.799999999999999,1.5858585858585859,0.15833333333333333,8.799999999999999,7.833333333333334,9,8,4.487179487179487
CPL,1369564,2023-08-23,2023,Jamaica Tallawahs,St Kitts and Nevis Patriots,1,1,0,1,157,99,156,120,2,9,36,54,21,54,36,22,9,9,9.515151515151516,1.5858585858585859,0.36363636363636365,0.45,9,9.0,14.666666666666668,1.3,0.21212121212121213,14.666666666666668,9.0,9,11,62.17948717948718
CPL,1369565,2023-08-24,2023,Guyana Amazon Warriors,St Kitts and Nevis Patriots,1,0,0,65,197,120,132,101,7,10,41,43,25,59,36,62,30,10,9.85,1.6416666666666666,0.3416666666666667,0.42574257425742573,10,9.833333333333332,12.400000000000002,1.306930693069307,0.20833333333333334,12.400000000000002,9.833333333333332,10,12,99.35897435897436
CPL,1369565,2023-08-24,2023,St Kitts and Nevis Patriots,Guyana Amazon Warriors,0,1,0,-65,132,101,197,120,10,7,43,41,14,37,36,6,11,10,7.841584158415841,1.306930693069307,0.42574257425742573,0.3416666666666667,7,6.166666666666666,3.2727272727272725,1.6416666666666666,0.13861386138613863,3.2727272727272725,6.166666666666666,10,8,4.487179487179487
CPL,1369566,2023-08-26,2023,St Lucia Kings,Trinbago Knight Riders,1,0,0,54,167,120,113,89,5,10,43,44,19,48,36,48,30,10,8.35,1.3916666666666666,0.35833333333333334,0.4943820224719101,10,8.0,9.600000000000001,1.2696629213483146,0.15833333333333333,9.600000000000001,8.0,10,9,71.15384615384616
CPL,1369566,2023-08-26,2023,Trinbago Knight Riders,St Lucia Kings,0,1,0,-54,113,89,167,120,10,5,44,43,16,57,36,0,0,10,7.617977528089888,1.2696629213483146,0.4943820224719101,0.35833333333333334,5,9.5,,1.3916666666666666,0.1797752808988764,,9.5,10,11,54.48717948717948
CPL,1369567,2023-08-26,2023,St Kitts and Nevis Patriots,Barbados Royals,0,0,0,-3,197,120,200,111,6,4,44,33,25,56,36,83,30,7,9.85,1.6416666666666666,0.36666666666666664,0.2972972972972973,4,9.333333333333334,16.6,1.8018018018018018,0.20833333333333334,16.6,9.333333333333334,7,8,4.487179487179487
CPL,1369567,2023-08-26,2023,Barbados Royals,St Kitts and Nevis Patriots,1,1,0,3,200,111,197,120,4,6,33,44,28,74,36,50,21,7,10.81081081081081,1.8018018018018018,0.2972972972972973,0.36666666666666664,6,12.333333333333332,14.285714285714285,1.6416666666666666,0.25225225225225223,14.285714285714285,12.333333333333332,7,9,10.897435897435898
CPL,1369568,2023-08-27,2023,Guyana Amazon Warriors,Jamaica Tallawahs,1,0,0,34,210,120,176,112,7,10,49,45,24,49,36,59,30,17,10.5,1.75,0.4083333333333333,0.4017857142857143,10,8.166666666666668,11.799999999999999,1.5714285714285714,0.2,11.799999999999999,8.166666666666668,17,12,99.35897435897436
CPL,1369568,2023-08-27,2023,Jamaica Tallawahs,Guyana Amazon Warriors,0,1,0,-34,176,112,210,120,10,7,45,49,23,28,36,61,22,17,9.428571428571429,1.5714285714285714,0.4017857142857143,0.4083333333333333,7,4.666666666666667,16.636363636363637,1.75,0.20535714285714285,16.636363636363637,4.666666666666667,17,11,62.17948717948718
CPL,1369569,2023-08-27,2023,St Kitts and Nevis Patriots,Trinbago Knight Riders,0,0,0,-2,178,120,180,103,5,4,47,31,23,50,36,66,30,5,8.9,1.4833333333333334,0.39166666666666666,0.30097087378640774,4,8.333333333333332,13.200000000000001,1.7475728155339805,0.19166666666666668,13.200000000000001,8.333333333333332,5,8,4.487179487179487
CPL,1369569,2023-08-27,2023,Trinbago Knight Riders,St Kitts and Nevis Patriots,1,1,0,2,180,103,178,120,4,5,31,47,23,50,36,32,13,5,10.485436893203882,1.7475728155339805,0.30097087378640774,0.39166666666666666,5,8.333333333333332,14.76923076923077,1.4833333333333334,0.22330097087378642,14.76923076923077,8.333333333333332,5,11,54.48717948717948
CPL,1369570,2023-08-30,2023,Trinbago Knight Riders,Barbados Royals,1,0,0,133,194,120,61,73,5,10,40,42,21,47,36,64,30,10,9.7,1.6166666666666667,0.3333333333333333,0.5753424657534246,10,7.833333333333334,12.8,0.8356164383561644,0.175,12.8,7.833333333333334,10,11,54.48717948717948
CPL,1369570,2023-08-30,2023,Barbados Royals,Trinbago Knight Riders,0,1,0,-133,61,73,194,120,10,5,42,40,5,30,36,0,0,10,5.013698630136986,0.8356164383561644,0.5753424657534246,0.3333333333333333,5,5.0,,1.6166666666666667,0.0684931506849315,,5.0,10,9,10.897435897435898
CPL,1369571,2023-08-31,2023,Jamaica Tallawahs,Barbados Royals,0,0,0,-1,160,120,161,114,7,4,42,40,19,25,36,64,30,8,8.0,1.3333333333333333,0.35,0.3508771929824561,4,4.166666666666666,12.8,1.412280701754386,0.15833333333333333,12.8,4.166666666666666,8,11,62.17948717948718
CPL,1369571,2023-08-31,2023,Barbados Royals,Jamaica Tallawahs,1,1,0,1,161,114,160,120,4,7,40,42,21,34,36,48,24,8,8.473684210526315,1.412280701754386,0.3508771929824561,0.35,7,5.666666666666666,12.0,1.3333333333333333,0.18421052631578946,12.0,5.666666666666666,8,9,10.897435897435898
CPL,1369572,2023-09-02,2023,Guyana Amazon Warriors,St Kitts and Nevis Patriots,1,0,0,98,186,120,88,103,6,10,46,47,23,51,36,71,30,15,9.3,1.55,0.38333333333333336,0.4563106796116505,10,8.5,14.2,0.8543689320388349,0.19166666666666668,14.2,8.5,15,12,99.35897435897436
CPL,1369572,2023-09-02,2023,St Kitts and Nevis Patriots,Guyana Amazon Warriors,0,1,0,-98,88,103,186,120,10,6,47,46,7,43,36,4,13,15,5.126213592233009,0.8543689320388349,0.4563106796116505,0.38333333333333336,6,7.166666666666666,1.8461538461538463,1.55,0.06796116504854369,1.8461538461538463,7.166666666666666,15,8,4.487179487179487
CPL,1369573,2023-09-02,2023,St Lucia Kings,Barbados Royals,1,0,0,90,195,120,105,105,6,10,41,57,24,69,36,60,30,15,9.75,1.625,0.3416666666666667,0.5428571428571428,10,11.5,12.0,1.0,0.2,12.0,11.5,15,9,71.15384615384616
CPL,1369573,2023-09-02,2023,Barbados Royals,St Lucia Kings,0,1,0,-90,105,105,195,120,10,6,57,41,10,40,36,25,15,15,6.0,1.0,0.5428571428571428,0.3416666666666667,6,6.666666666666667,10.0,1.625,0.09523809523809523,10.0,6.666666666666667,15,9,10.897435897435898
CPL,1369574,2023-09-03,2023,Trinbago Knight Riders,Jamaica Tallawahs,1,0,1,2,142,120,140,120,8,7,56,52,14,49,36,40,30,10,7.1,1.1833333333333333,0.4666666666666667,0.43333333333333335,7,8.166666666666668,8.0,1.1666666666666667,0.11666666666666667,8.0,8.166666666666668,10,11,54.48717948717948
CPL,1369574,2023-09-03,2023,Jamaica Tallawahs,Trinbago Knight Riders,0,1,1,-2,140,120,142,120,7,8,52,56,17,45,36,49,30,10,7.0,1.1666666666666667,0.43333333333333335,0.4666666666666667,8,7.5,9.8,1.1833333333333333,0.14166666666666666,9.8,7.5,10,11,62.17948717948718
CPL,1369575,2023-09-03,2023,St Kitts and Nevis Patriots,Barbados Royals,0,0,0,-3,220,120,223,109,4,3,33,41,31,70,36,78,30,4,11.0,1.8333333333333333,0.275,0.3761467889908257,3,11.666666666666666,15.600000000000001,2.0458715596330275,0.25833333333333336,15.600000000000001,11.666666666666666,4,8,4.487179487179487
CPL,1369575,2023-09-03,2023,Barbados Royals,St Kitts and Nevis Patriots,1,1,0,3,223,109,220,120,3,4,41,33,34,67,36,34,19,4,12.275229357798164,2.0458715596330275,0.3761467889908257,0.275,4,11.166666666666668,10.736842105263158,1.8333333333333333,0.3119266055045872,10.736842105263158,11.166666666666668,4,9,10.897435897435898
CPL,1369576,2023-09-05,2023,Trinbago Knight Riders,Guyana Amazon Warriors,0,0,0,-3,172,120,175,115,8,4,42,47,22,47,36,56,30,11,8.6,1.4333333333333333,0.35,0.40869565217391307,4,7.833333333333334,11.2,1.5217391304347827,0.18333333333333332,11.2,7.833333333333334,11,11,54.48717948717948
CPL,1369576,2023-09-05,2023,Guyana Amazon Warriors,Trinbago Knight Riders,1,1,0,3,175,115,172,120,4,8,47,42,23,39,36,53,25,11,9.130434782608695,1.5217391304347827,0.40869565217391307,0.35,8,6.5,12.72,1.4333333333333333,0.2,12.72,6.5,11,12,99.35897435897436
CPL,1369577,2023-09-06,2023,Trinbago Knight Riders,Barbados Royals,1,0,0,42,208,120,166,120,6,7,40,55,28,49,36,89,30,14,10.4,1.7333333333333334,0.3333333333333333,0.4583333333333333,7,8.166666666666668,17.8,1.3833333333333333,0.23333333333333334,17.8,8.166666666666668,14,11,54.48717948717948
CPL,1369577,2023-09-06,2023,Barbados Royals,Trinbago Knight Riders,0,1,0,-42,166,120,208,120,7,6,55,40,23,46,36,51,30,14,8.3,1.3833333333333333,0.4583333333333333,0.3333333333333333,6,7.666666666666666,10.2,1.7333333333333334,0.19166666666666668,10.2,7.666666666666666,14,9,10.897435897435898
CPL,1369578,2023-09-09,2023,St Lucia Kings,St Kitts and Nevis Patriots,0,0,0,-1,149,120,150,119,7,6,52,49,17,32,36,41,30,9,7.45,1.2416666666666667,0.43333333333333335,0.4117647058823529,6,5.333333333333333,8.2,1.2605042016806722,0.14166666666666666,8.2,5.333333333333333,9,9,71.15384615384616
CPL,1369578,2023-09-09,2023,St Kitts and Nevis Patriots,St Lucia Kings,1,1,0,1,150,119,149,120,6,7,49,52,15,43,36,40,29,9,7.563025210084033,1.2605042016806722,0.4117647058823529,0.43333333333333335,7,7.166666666666666,8.275862068965518,1.2416666666666667,0.12605042016806722,8.275862068965518,7.166666666666666,9,8,4.487179487179487
CPL,1369579,2023-09-09,2023,Jamaica Tallawahs,Trinbago Knight Riders,0,0,0,-1,154,120,155,104,8,3,46,40,16,29,36,52,30,9,7.700000000000001,1.2833333333333334,0.38333333333333336,0.38461538461538464,3,4.833333333333334,10.4,1.4903846153846154,0.13333333333333333,10.4,4.833333333333334,9,11,62.17948717948718
CPL,1369579,2023-09-09,2023,Trinbago Knight Riders,Jamaica Tallawahs,1,1,0,1,155,104,154,120,3,8,40,46,21,47,36,39,14,9,8.942307692307693,1.4903846153846154,0.38461538461538464,0.38333333333333336,8,7.833333333333334,16.714285714285715,1.2833333333333334,0.20192307692307693,16.714285714285715,7.833333333333334,9,11,54.48717948717948
CPL,1369580,2023-09-10,2023,Guyana Amazon Warriors,Barbados Royals,1,0,1,3,181,120,178,120,9,8,47,44,20,41,36,48,30,10,9.05,1.5083333333333333,0.39166666666666666,0.36666666666666664,8,6.833333333333333,9.600000000000001,1.4833333333333334,0.16666666666666666,9.600000000000001,6.833333333333333,10,12,99.35897435897436
CPL,1369580,2023-09-10,2023,Barbados Royals,Guyana Amazon Warriors,0,1,1,-3,178,120,181,120,8,9,44,47,24,54,36,49,30,10,8.9,1.4833333333333334,0.36666666666666664,0.39166666666666666,9,9.0,9.8,1.5083333333333333,0.2,9.8,9.0,10,9,10.897435897435898
CPL,1369581,2023-09-10,2023,St Lucia Kings,Trinbago Knight Riders,0,0,0,-2,167,120,169,113,3,3,42,44,20,47,36,58,30,5,8.35,1.3916666666666666,0.35,0.3893805309734513,3,7.833333333333334,11.6,1.4955752212389382,0.16666666666666666,11.6,7.833333333333334,5,9,71.15384615384616
CPL,1369581,2023-09-10,2023,Trinbago Knight Riders,St Lucia Kings,1,1,0,2,169,113,167,120,3,3,44,42,21,45,36,42,23,5,8.97345132743363,1.4955752212389382,0.3893805309734513,0.35,3,7.5,10.956521739130434,1.3916666666666666,0.18584070796460178,10.956521739130434,7.5,5,11,54.48717948717948
CPL,1369582,2023-09-13,2023,Jamaica Tallawahs,Guyana Amazon Warriors,0,0,0,-3,152,120,155,111,5,3,52,35,20,55,36,42,30,2,7.6,1.2666666666666666,0.43333333333333335,0.3153153153153153,3,9.166666666666666,8.399999999999999,1.3963963963963963,0.16666666666666666,8.399999999999999,9.166666666666666,2,11,62.17948717948718
CPL,1369582,2023-09-13,2023,Guyana Amazon Warriors,Jamaica Tallawahs,1,1,0,3,155,111,152,120,3,5,35,52,16,51,36,31,21,2,8.378378378378379,1.3963963963963963,0.3153153153153153,0.43333333333333335,5,8.5,8.857142857142858,1.2666666666666666,0.14414414414414414,8.857142857142858,8.5,2,12,99.35897435897436
CPL,1369583,2023-09-14,2023,Guyana Amazon Warriors,St Lucia Kings,0,0,0,-3,167,120,170,105,5,3,56,39,22,35,36,72,30,5,8.35,1.3916666666666666,0.4666666666666667,0.37142857142857144,3,5.833333333333333,14.399999999999999,1.619047619047619,0.18333333333333332,14.399999999999999,5.833333333333333,5,12,99.35897435897436
CPL,1369583,2023-09-14,2023,St Lucia Kings,Guyana Amazon Warriors,1,1,0,3,170,105,167,120,3,5,39,56,25,47,36,31,15,5,9.714285714285715,1.619047619047619,0.37142857142857144,0.4666666666666667,5,7.833333333333334,12.400000000000002,1.3916666666666666,0.23809523809523808,12.400000000000002,7.833333333333334,5,9,71.15384615384616
CPL,1369584,2023-09-16,2023,Jamaica Tallawahs,St Kitts and Nevis Patriots,1,0,0,59,178,120,119,105,7,9,49,41,19,31,36,72,30,13,8.9,1.4833333333333334,0.4083333333333333,0.3904761904761905,9,5.166666666666667,14.399999999999999,1.1333333333333333,0.15833333333333333,14.399999999999999,5.166666666666667,13,11,62.17948717948718
CPL,1369584,2023-09-16,2023,St Kitts and Nevis Patriots,Jamaica Tallawahs,0,1,0,-59,119,105,178,120,9,7,41,49,14,37,36,25,15,13,6.8,1.1333333333333333,0.3904761904761905,0.4083333333333333,7,6.166666666666666,10.0,1.4833333333333334,0.13333333333333333,10.0,6.166666666666666,13,8,4.487179487179487
CPL,1369585,2023-09-16,2023,Trinbago Knight Riders,Guyana Amazon Warriors,0,0,0,-1,176,120,177,110,8,4,43,38,23,49,36,43,30,11,8.799999999999999,1.4666666666666666,0.35833333333333334,0.34545454545454546,4,8.166666666666668,8.6,1.6090909090909091,0.19166666666666668,8.6,8.166666666666668,11,11,54.48717948717948
CPL,1369585,2023-09-16,2023,Guyana Amazon Warriors,Trinbago Knight Riders,1,1,0,1,177,110,176,120,4,8,38,43,21,56,36,37,20,11,9.654545454545454,1.6090909090909091,0.34545454545454546,0.35833333333333334,8,9.333333333333334,11.100000000000001,1.4666666666666666,0.19090909090909092,11.100000000000001,9.333333333333334,11,12,99.35897435897436
CPL,1369586,2023-09-17,2023,Jamaica Tallawahs,St Lucia Kings,1,0,0,122,201,120,79,90,5,10,39,50,28,46,36,72,30,10,10.05,1.675,0.325,0.5555555555555556,10,7.666666666666666,14.399999999999999,0.8777777777777778,0.23333333333333334,14.399999999999999,7.666666666666666,10,11,62.17948717948718
CPL,1369586,2023-09-17,2023,St Lucia Kings,Jamaica Tallawahs,0,1,0,-122,79,90,201,120,10,5,50,39,8,45,36,0,0,10,5.266666666666667,0.8777777777777778,0.5555555555555556,0.325,5,7.5,,1.675,0.08888888888888889,,7.5,10,9,71.15384615384616
CPL,1369587,2023-09-17,2023,Guyana Amazon Warriors,Barbados Royals,1,0,0,88,226,120,138,120,7,6,29,55,32,71,36,73,30,11,11.3,1.8833333333333333,0.24166666666666667,0.4583333333333333,6,11.833333333333334,14.599999999999998,1.15,0.26666666666666666,14.599999999999998,11.833333333333334,11,12,99.35897435897436
CPL,1369587,2023-09-17,2023,Barbados Royals,Guyana Amazon Warriors,0,1,0,-88,138,120,226,120,6,7,55,29,17,38,36,50,30,11,6.8999999999999995,1.15,0.4583333333333333,0.24166666666666667,7,6.333333333333334,10.0,1.8833333333333333,0.14166666666666666,10.0,6.333333333333334,11,9,10.897435897435898
CPL,1369588,2023-09-19,2023,St Lucia Kings,Jamaica Tallawahs,0,0,0,-1,125,120,126,104,9,5,57,42,16,30,36,35,30,4,6.25,1.0416666666666667,0.475,0.40384615384615385,5,5.0,7.0,1.2115384615384615,0.13333333333333333,7.0,5.0,4,9,71.15384615384616
CPL,1369588,2023-09-19,2023,Jamaica Tallawahs,St Lucia Kings,1,1,0,1,126,104,125,120,5,9,42,57,12,63,36,17,14,4,7.269230769230768,1.2115384615384615,0.40384615384615385,0.475,9,10.5,7.285714285714285,1.0416666666666667,0.11538461538461539,7.285714285714285,10.5,4,11,62.17948717948718
CPL,1369589,2023-09-20,2023,Guyana Amazon Warriors,Trinbago Knight Riders,0,0,0,-1,166,120,167,109,7,3,47,37,20,42,36,58,30,6,8.3,1.3833333333333333,0.39166666666666666,0.3394495412844037,3,7.0,11.6,1.5321100917431192,0.16666666666666666,11.6,7.0,6,12,99.35897435897436
CPL,1369589,2023-09-20,2023,Trinbago Knight Riders,Guyana Amazon Warriors,1,1,0,1,167,109,166,120,3,7,37,47,19,56,36,39,19,6,9.192660550458715,1.5321100917431192,0.3394495412844037,0.39166666666666666,7,9.333333333333334,12.315789473684212,1.3833333333333333,0.1743119266055046,12.315789473684212,9.333333333333334,6,11,54.48717948717948
CPL,1369590,2023-09-22,2023,Guyana Amazon Warriors,Jamaica Tallawahs,1,0,0,81,182,120,101,92,6,9,33,48,23,49,36,66,30,10,9.1,1.5166666666666666,0.275,0.5217391304347826,9,8.166666666666668,13.200000000000001,1.0978260869565217,0.19166666666666668,13.200000000000001,8.166666666666668,10,12,99.35897435897436
CPL,1369590,2023-09-22,2023,Jamaica Tallawahs,Guyana Amazon Warriors,0,1,0,-81,101,92,182,120,9,6,48,33,9,32,36,0,2,10,6.586956521739131,1.0978260869565217,0.5217391304347826,0.275,6,5.333333333333333,0.0,1.5166666666666666,0.09782608695652174,0.0,5.333333333333333,10,11,62.17948717948718
CPL,1369591,2023-09-24,2023,Trinbago Knight Riders,Guyana Amazon Warriors,0,0,0,-5,94,109,99,84,10,1,63,38,9,41,36,11,19,7,5.174311926605505,0.8623853211009175,0.5779816513761468,0.4523809523809524,1,6.833333333333333,3.473684210526316,1.1785714285714286,0.08256880733944955,3.473684210526316,6.833333333333333,7,11,54.48717948717948
CPL,1369591,2023-09-24,2023,Guyana Amazon Warriors,Trinbago Knight Riders,1,1,0,5,99,84,94,109,1,10,38,63,11,29,36,0,0,7,7.071428571428571,1.1785714285714286,0.4523809523809524,0.5779816513761468,10,4.833333333333334,,0.8623853211009175,0.13095238095238096,,4.833333333333334,7,12,99.35897435897436
CPL,1428678,2024-08-29,2024,Antigua and Barbuda Falcons,St Kitts and Nevis Patriots,0,0,1,-1,163,120,164,120,4,9,49,50,23,57,36,52,30,13,8.15,1.3583333333333334,0.4083333333333333,0.4166666666666667,9,9.5,10.4,1.3666666666666667,0.19166666666666668,10.4,9.5,13,10,55.769230769230774
CPL,1428678,2024-08-29,2024,St Kitts and Nevis Patriots,Antigua and Barbuda Falcons,1,1,1,1,164,120,163,120,9,4,50,49,20,48,36,47,30,13,8.2,1.3666666666666667,0.4166666666666667,0.4083333333333333,4,8.0,9.4,1.3583333333333334,0.16666666666666666,9.4,8.0,13,10,5.769230769230769
CPL,1428679,2024-08-30,2024,Antigua and Barbuda Falcons,Guyana Amazon Warriors,0,0,1,-3,168,120,171,120,6,7,45,51,23,61,36,51,30,8,8.399999999999999,1.4,0.375,0.425,7,10.166666666666666,10.2,1.425,0.19166666666666668,10.2,10.166666666666666,8,10,55.769230769230774
CPL,1428679,2024-08-30,2024,Guyana Amazon Warriors,Antigua and Barbuda Falcons,1,1,1,3,171,120,168,120,7,6,51,45,21,41,36,68,30,8,8.55,1.425,0.425,0.375,6,6.833333333333333,13.6,1.4,0.175,13.6,6.833333333333333,8,13,89.1025641025641
CPL,1428680,2024-08-31,2024,Trinbago Knight Riders,St Kitts and Nevis Patriots,1,0,0,44,250,120,206,120,4,8,38,46,39,74,36,71,30,9,12.5,2.0833333333333335,0.31666666666666665,0.38333333333333336,8,12.333333333333332,14.2,1.7166666666666666,0.325,14.2,12.333333333333332,9,11,41.66666666666667
CPL,1428680,2024-08-31,2024,St Kitts and Nevis Patriots,Trinbago Knight Riders,0,1,0,-44,206,120,250,120,8,4,46,38,31,66,36,56,30,9,10.299999999999999,1.7166666666666666,0.38333333333333336,0.31666666666666665,4,11.0,11.2,2.0833333333333335,0.25833333333333336,11.2,11.0,9,10,5.769230769230769
CPL,1428681,2024-09-01,2024,Antigua and Barbuda Falcons,Barbados Royals,0,0,0,-4,145,120,149,93,9,1,44,31,16,42,36,38,30,8,7.25,1.2083333333333333,0.36666666666666664,0.3333333333333333,1,7.0,7.6,1.6021505376344085,0.13333333333333333,7.6,7.0,8,10,55.769230769230774
CPL,1428681,2024-09-01,2024,Barbados Royals,Antigua and Barbuda Falcons,1,1,0,4,149,93,145,120,1,9,31,44,21,76,36,13,3,8,9.612903225806452,1.6021505376344085,0.3333333333333333,0.36666666666666664,9,12.666666666666668,26.0,1.2083333333333333,0.22580645161290322,26.0,12.666666666666668,8,12,37.82051282051282
CPL,1428682,2024-09-01,2024,St Kitts and Nevis Patriots,St Lucia Kings,0,0,0,-1,201,120,202,104,3,5,49,31,29,54,36,51,30,6,10.05,1.675,0.4083333333333333,0.2980769230769231,5,9.0,10.2,1.9423076923076923,0.24166666666666667,10.2,9.0,6,10,5.769230769230769
CPL,1428682,2024-09-01,2024,St Lucia Kings,St Kitts and Nevis Patriots,1,1,0,1,202,104,201,120,5,3,31,49,29,50,36,27,14,6,11.653846153846153,1.9423076923076923,0.2980769230769231,0.4083333333333333,3,8.333333333333332,11.571428571428571,1.675,0.27884615384615385,11.571428571428571,8.333333333333332,6,12,77.56410256410257
CPL,1428683,2024-09-03,2024,Antigua and Barbuda Falcons,St Lucia Kings,0,0,0,-2,142,120,144,102,7,3,46,41,19,46,36,42,30,7,7.1,1.1833333333333333,0.38333333333333336,0.4019607843137255,3,7.666666666666666,8.399999999999999,1.411764705882353,0.15833333333333333,8.399999999999999,7.666666666666666,7,10,55.769230769230774
CPL,1428683,2024-09-03,2024,St Lucia Kings,Antigua and Barbuda Falcons,1,1,0,2,144,102,142,120,3,7,41,46,17,57,36,27,12,7,8.470588235294118,1.411764705882353,0.4019607843137255,0.38333333333333336,7,9.5,13.5,1.1833333333333333,0.16666666666666666,13.5,9.5,7,12,77.56410256410257
CPL,1428684,2024-09-04,2024,Guyana Amazon Warriors,St Kitts and Nevis Patriots,1,0,0,40,266,120,226,108,7,10,32,38,38,53,36,89,30,15,13.3,2.216666666666667,0.26666666666666666,0.35185185185185186,10,8.833333333333334,17.8,2.0925925925925926,0.31666666666666665,17.8,8.833333333333334,15,13,89.1025641025641
CPL,1428684,2024-09-04,2024,St Kitts and Nevis Patriots,Guyana Amazon Warriors,0,1,0,-40,226,108,266,120,10,7,38,32,31,94,36,29,18,15,12.555555555555555,2.0925925925925926,0.35185185185185186,0.26666666666666666,7,15.666666666666668,9.666666666666668,2.216666666666667,0.28703703703703703,9.666666666666668,15.666666666666668,15,10,5.769230769230769
CPL,1428685,2024-09-05,2024,Antigua and Barbuda Falcons,Trinbago Knight Riders,1,0,1,6,176,120,170,120,6,9,32,51,21,66,36,55,30,11,8.799999999999999,1.4666666666666666,0.26666666666666666,0.425,9,11.0,11.0,1.4166666666666667,0.175,11.0,11.0,11,10,55.769230769230774
CPL,1428685,2024-09-05,2024,Trinbago Knight Riders,Antigua and Barbuda Falcons,0,1,1,-6,170,120,176,120,9,6,51,32,20,46,36,56,30,11,8.5,1.4166666666666667,0.425,0.26666666666666666,6,7.666666666666666,11.2,1.4666666666666666,0.16666666666666666,11.2,7.666666666666666,11,11,41.66666666666667
CPL,1428686,2024-09-06,2024,St Kitts and Nevis Patriots,Barbados Royals,0,0,1,-4,153,120,157,119,8,8,53,45,18,55,36,50,30,10,7.6499999999999995,1.275,0.44166666666666665,0.37815126050420167,8,9.166666666666666,10.0,1.319327731092437,0.15,10.0,9.166666666666666,10,10,5.769230769230769
CPL,1428686,2024-09-06,2024,Barbados Royals,St Kitts and Nevis Patriots,1,1,1,4,157,119,153,120,8,8,45,53,20,53,36,42,29,10,7.915966386554622,1.319327731092437,0.37815126050420167,0.44166666666666665,8,8.833333333333334,8.689655172413794,1.275,0.16806722689075632,8.689655172413794,8.833333333333334,10,12,37.82051282051282
CPL,1428687,2024-09-07,2024,St Lucia Kings,Guyana Amazon Warriors,0,0,0,-1,100,87,101,60,10,4,40,30,13,47,36,0,0,7,6.896551724137931,1.1494252873563218,0.45977011494252873,0.5,4,7.833333333333334,,1.6833333333333333,0.14942528735632185,,7.833333333333334,7,12,77.56410256410257
CPL,1428687,2024-09-07,2024,Guyana Amazon Warriors,St Lucia Kings,1,1,0,1,101,60,100,87,4,10,30,40,14,64,36,0,0,7,10.1,1.6833333333333333,0.5,0.45977011494252873,10,10.666666666666666,,1.1494252873563218,0.23333333333333334,,10.666666666666666,7,13,89.1025641025641
CPL,1428688,2024-09-08,2024,St Kitts and Nevis Patriots,Antigua and Barbuda Falcons,0,0,1,-1,153,120,154,118,8,8,52,42,18,36,36,55,30,9,7.6499999999999995,1.275,0.43333333333333335,0.3559322033898305,8,6.0,11.0,1.305084745762712,0.15,11.0,6.0,9,10,5.769230769230769
CPL,1428688,2024-09-08,2024,Antigua and Barbuda Falcons,St Kitts and Nevis Patriots,1,1,1,1,154,118,153,120,8,8,42,52,20,68,36,44,28,9,7.830508474576272,1.305084745762712,0.3559322033898305,0.43333333333333335,8,11.333333333333332,9.428571428571429,1.275,0.1694915254237288,9.428571428571429,11.333333333333332,9,10,55.769230769230774
CPL,1428689,2024-09-10,2024,St Lucia Kings,Trinbago Knight Riders,0,0,0,-2,187,120,189,115,6,6,45,44,21,57,36,59,30,11,9.35,1.5583333333333333,0.375,0.3826086956521739,6,9.5,11.799999999999999,1.6434782608695653,0.175,11.799999999999999,9.5,11,12,77.56410256410257
CPL,1428689,2024-09-10,2024,Trinbago Knight Riders,St Lucia Kings,1,1,0,2,189,115,187,120,6,6,44,45,22,72,36,52,25,11,9.860869565217392,1.6434782608695653,0.3826086956521739,0.375,6,12.0,12.48,1.5583333333333333,0.19130434782608696,12.48,12.0,11,11,41.66666666666667
CPL,1428690,2024-09-11,2024,Antigua and Barbuda Falcons,Barbados Royals,0,0,1,49,176,120,127,87,5,3,45,28,24,55,36,56,30,7,8.799999999999999,1.4666666666666666,0.375,0.3218390804597701,3,9.166666666666666,11.2,1.4597701149425288,0.2,11.2,9.166666666666666,7,10,55.769230769230774
CPL,1428690,2024-09-11,2024,Barbados Royals,Antigua and Barbuda Falcons,1,1,1,-49,127,87,176,120,3,5,28,45,14,48,36,0,0,7,8.758620689655173,1.4597701149425288,0.3218390804597701,0.375,5,8.0,,1.4666666666666666,0.16091954022988506,,8.0,7,12,37.82051282051282
CPL,1428691,2024-09-12,2024,St Kitts and Nevis Patriots,St Lucia Kings,0,0,0,-3,173,120,176,99,5,5,45,39,18,51,36,61,30,7,8.65,1.4416666666666667,0.375,0.3939393939393939,5,8.5,12.2,1.7777777777777777,0.15,12.2,8.5,7,10,5.769230769230769
CPL,1428691,2024-09-12,2024,St Lucia Kings,St Kitts and Nevis Patriots,1,1,0,3,176,99,173,120,5,5,39,45,25,72,36,7,9,7,10.666666666666666,1.7777777777777777,0.3939393939393939,0.375,5,12.0,4.666666666666667,1.4416666666666667,0.25252525252525254,4.666666666666667,12.0,7,12,77.56410256410257
CPL,1428692,2024-09-13,2024,Barbados Royals,Trinbago Knight Riders,0,0,1,-3,156,120,159,119,7,8,51,45,18,52,36,45,30,7,7.800000000000001,1.3,0.425,0.37815126050420167,8,8.666666666666666,9.0,1.3361344537815125,0.15,9.0,8.666666666666666,7,12,37.82051282051282
CPL,1428692,2024-09-13,2024,Trinbago Knight Riders,Barbados Royals,1,1,1,3,159,119,156,120,8,7,45,51,19,43,36,51,29,7,8.016806722689076,1.3361344537815125,0.37815126050420167,0.425,7,7.166666666666666,10.551724137931034,1.3,0.15966386554621848,10.551724137931034,7.166666666666666,7,11,41.66666666666667
CPL,1428693,2024-09-14,2024,Barbados Royals,Guyana Amazon Warriors,1,0,0,32,205,120,173,120,6,5,44,34,28,49,36,66,30,10,10.25,1.7083333333333333,0.36666666666666664,0.2833333333333333,5,8.166666666666668,13.200000000000001,1.4416666666666667,0.23333333333333334,13.200000000000001,8.166666666666668,10,12,37.82051282051282
CPL,1428693,2024-09-14,2024,Guyana Amazon Warriors,Barbados Royals,0,1,0,-32,173,120,205,120,5,6,34,44,19,46,36,44,30,10,8.65,1.4416666666666667,0.2833333333333333,0.36666666666666664,6,7.666666666666666,8.799999999999999,1.7083333333333333,0.15833333333333333,8.799999999999999,7.666666666666666,10,13,89.1025641025641
CPL,1428694,2024-09-15,2024,St Lucia Kings,Antigua and Barbuda Falcons,1,0,0,26,152,120,126,120,8,8,52,58,20,42,36,48,30,15,7.6,1.2666666666666666,0.43333333333333335,0.48333333333333334,8,7.0,9.600000000000001,1.05,0.16666666666666666,9.600000000000001,7.0,15,12,77.56410256410257
CPL,1428694,2024-09-15,2024,Antigua and Barbuda Falcons,St Lucia Kings,0,1,0,-26,126,120,152,120,8,8,58,52,14,28,36,44,30,15,6.300000000000001,1.05,0.48333333333333334,0.43333333333333335,8,4.666666666666667,8.799999999999999,1.2666666666666666,0.11666666666666667,8.799999999999999,4.666666666666667,15,10,55.769230769230774
CPL,1428695,2024-09-17,2024,St Kitts and Nevis Patriots,Barbados Royals,0,0,0,-3,110,115,113,68,10,1,53,15,10,40,36,30,25,10,5.739130434782609,0.9565217391304348,0.4608695652173913,0.22058823529411764,1,6.666666666666667,7.199999999999999,1.661764705882353,0.08695652173913043,7.199999999999999,6.666666666666667,10,10,5.769230769230769
CPL,1428695,2024-09-17,2024,Barbados Royals,St Kitts and Nevis Patriots,1,1,0,3,113,68,110,115,1,10,15,53,13,62,36,0,0,10,9.970588235294118,1.661764705882353,0.22058823529411764,0.4608695652173913,10,10.333333333333334,,0.9565217391304348,0.19117647058823528,,10.333333333333334,10,12,37.82051282051282
CPL,1428696,2024-09-18,2024,Guyana Amazon Warriors,Trinbago Knight Riders,0,0,0,-1,148,120,149,116,7,5,41,49,15,42,36,58,30,6,7.4,1.2333333333333334,0.3416666666666667,0.4224137931034483,5,7.0,11.6,1.2844827586206897,0.125,11.6,7.0,6,13,89.1025641025641
CPL,1428696,2024-09-18,2024,Trinbago Knight Riders,Guyana Amazon Warriors,1,1,0,1,149,116,148,120,5,7,49,41,17,38,36,60,26,6,7.706896551724139,1.2844827586206897,0.4224137931034483,0.3416666666666667,7,6.333333333333334,13.846153846153845,1.2333333333333334,0.14655172413793102,13.846153846153845,6.333333333333334,6,11,41.66666666666667
CPL,1428697,2024-09-19,2024,Trinbago Knight Riders,Antigua and Barbuda Falcons,0,0,0,-1,134,120,135,114,8,4,57,44,13,35,36,51,30,9,6.7,1.1166666666666667,0.475,0.38596491228070173,4,5.833333333333333,10.2,1.1842105263157894,0.10833333333333334,10.2,5.833333333333333,9,11,41.66666666666667
CPL,1428697,2024-09-19,2024,Antigua and Barbuda Falcons,Trinbago Knight Riders,1,1,0,1,135,114,134,120,4,8,44,57,13,34,36,41,24,9,7.105263157894736,1.1842105263157894,0.38596491228070173,0.475,8,5.666666666666666,10.25,1.1166666666666667,0.11403508771929824,10.25,5.666666666666666,9,10,55.769230769230774
CPL,1428698,2024-09-20,2024,Guyana Amazon Warriors,St Kitts and Nevis Patriots,1,0,0,30,137,120,107,111,8,10,53,62,14,39,36,43,30,10,6.85,1.1416666666666666,0.44166666666666665,0.5585585585585585,10,6.5,8.6,0.963963963963964,0.11666666666666667,8.6,6.5,10,13,89.1025641025641
CPL,1428698,2024-09-20,2024,St Kitts and Nevis Patriots,Guyana Amazon Warriors,0,1,0,-30,107,111,137,120,10,8,62,53,15,27,36,15,21,10,5.783783783783784,0.963963963963964,0.5585585585585585,0.44166666666666665,8,4.5,4.285714285714286,1.1416666666666666,0.13513513513513514,4.285714285714286,4.5,10,10,5.769230769230769
CPL,1428699,2024-09-21,2024,Barbados Royals,St Lucia Kings,0,0,0,-1,96,120,97,83,9,3,63,38,7,28,36,37,30,6,4.800000000000001,0.8,0.525,0.4578313253012048,3,4.666666666666667,7.4,1.1686746987951808,0.058333333333333334,7.4,4.666666666666667,6,12,37.82051282051282
CPL,1428699,2024-09-21,2024,St Lucia Kings,Barbados Royals,1,1,0,1,97,83,96,120,3,9,38,63,13,38,36,0,0,6,7.0120481927710845,1.1686746987951808,0.4578313253012048,0.525,9,6.333333333333334,,0.8,0.1566265060240964,,6.333333333333334,6,12,77.56410256410257
CPL,1428700,2024-09-21,2024,Guyana Amazon Warriors,Antigua and Barbuda Falcons,1,0,0,27,135,120,108,113,7,10,56,53,15,19,36,54,30,13,6.75,1.125,0.4666666666666667,0.4690265486725664,10,3.166666666666667,10.8,0.9557522123893806,0.125,10.8,3.166666666666667,13,13,89.1025641025641
CPL,1428700,2024-09-21,2024,Antigua and Barbuda Falcons,Guyana Amazon Warriors,0,1,0,-27,108,113,135,120,10,7,53,56,10,30,36,32,23,13,5.734513274336283,0.9557522123893806,0.4690265486725664,0.4666666666666667,7,5.0,8.347826086956522,1.125,0.08849557522123894,8.347826086956522,5.0,13,10,55.769230769230774
CPL,1428701,2024-09-22,2024,St Lucia Kings,Barbados Royals,1,0,0,13,162,120,149,120,4,8,44,50,19,42,36,60,30,8,8.100000000000001,1.35,0.36666666666666664,0.4166666666666667,8,7.0,12.0,1.2416666666666667,0.15833333333333333,12.0,7.0,8,12,77.56410256410257
CPL,1428701,2024-09-22,2024,Barbados Royals,St Lucia Kings,0,1,0,-13,149,120,162,120,8,4,50,44,18,59,36,34,30,8,7.45,1.2416666666666667,0.4166666666666667,0.36666666666666664,4,9.833333333333332,6.8,1.35,0.15,6.8,9.833333333333332,8,12,37.82051282051282
CPL,1428702,2024-09-22,2024,St Kitts and Nevis Patriots,Trinbago Knight Riders,0,0,0,-4,193,120,197,111,4,3,41,28,25,63,36,51,30,5,9.65,1.6083333333333334,0.3416666666666667,0.25225225225225223,3,10.5,10.2,1.7747747747747749,0.20833333333333334,10.2,10.5,5,10,5.769230769230769
CPL,1428702,2024-09-22,2024,Trinbago Knight Riders,St Kitts and Nevis Patriots,1,1,0,4,197,111,193,120,3,4,28,41,25,55,36,59,21,5,10.64864864864865,1.7747747747747749,0.25225225225225223,0.3416666666666667,4,9.166666666666666,16.857142857142854,1.6083333333333334,0.22522522522522523,16.857142857142854,9.166666666666666,5,11,41.66666666666667
CPL,1428703,2024-09-24,2024,St Lucia Kings,Trinbago Knight Riders,1,0,0,80,218,120,138,107,6,10,36,44,30,54,36,45,30,9,10.9,1.8166666666666667,0.3,0.411214953271028,10,9.0,9.0,1.2897196261682242,0.25,9.0,9.0,9,12,77.56410256410257
CPL,1428703,2024-09-24,2024,Trinbago Knight Riders,St Lucia Kings,0,1,0,-80,138,107,218,120,10,6,44,36,16,42,36,13,17,9,7.738317757009345,1.2897196261682242,0.411214953271028,0.3,6,7.0,4.588235294117647,1.8166666666666667,0.14953271028037382,4.588235294117647,7.0,9,11,41.66666666666667
CPL,1428704,2024-09-25,2024,Guyana Amazon Warriors,Barbados Royals,1,0,0,47,219,120,172,120,8,9,34,56,29,60,36,46,30,13,10.95,1.825,0.2833333333333333,0.4666666666666667,9,10.0,9.200000000000001,1.4333333333333333,0.24166666666666667,9.200000000000001,10.0,13,13,89.1025641025641
CPL,1428704,2024-09-25,2024,Barbados Royals,Guyana Amazon Warriors,0,1,0,-47,172,120,219,120,9,8,56,34,26,46,36,55,30,13,8.6,1.4333333333333333,0.4666666666666667,0.2833333333333333,8,7.666666666666666,11.0,1.825,0.21666666666666667,11.0,7.666666666666666,13,12,37.82051282051282
CPL,1428705,2024-09-27,2024,Trinbago Knight Riders,Barbados Royals,1,0,0,30,175,120,145,120,7,9,48,58,21,37,36,55,30,13,8.75,1.4583333333333333,0.4,0.48333333333333334,9,6.166666666666666,11.0,1.2083333333333333,0.175,11.0,6.166666666666666,13,11,41.66666666666667
CPL,1428705,2024-09-27,2024,Barbados Royals,Trinbago Knight Riders,0,1,0,-30,145,120,175,120,9,7,58,48,17,44,36,34,30,13,7.25,1.2083333333333333,0.48333333333333334,0.4,7,7.333333333333334,6.8,1.4583333333333333,0.14166666666666666,6.8,7.333333333333334,13,12,37.82051282051282
CPL,1428706,2024-09-28,2024,Guyana Amazon Warriors,St Lucia Kings,1,0,0,35,207,120,172,120,7,7,37,45,29,57,36,60,30,11,10.350000000000001,1.725,0.30833333333333335,0.375,7,9.5,12.0,1.4333333333333333,0.24166666666666667,12.0,9.5,11,13,89.1025641025641
CPL,1428706,2024-09-28,2024,St Lucia Kings,Guyana Amazon Warriors,0,1,0,-35,172,120,207,120,7,7,45,37,21,63,36,61,30,11,8.6,1.4333333333333333,0.375,0.30833333333333335,7,10.5,12.2,1.725,0.175,12.2,10.5,11,12,77.56410256410257
CPL,1428707,2024-09-29,2024,Trinbago Knight Riders,Guyana Amazon Warriors,1,0,0,74,211,120,137,113,5,10,41,56,29,75,36,49,30,9,10.55,1.7583333333333333,0.3416666666666667,0.49557522123893805,10,12.5,9.8,1.2123893805309736,0.24166666666666667,9.8,12.5,9,11,41.66666666666667
CPL,1428707,2024-09-29,2024,Guyana Amazon Warriors,Trinbago Knight Riders,0,1,0,-74,137,113,211,120,10,5,56,41,16,63,36,30,23,9,7.274336283185841,1.2123893805309736,0.49557522123893805,0.3416666666666667,5,10.5,7.826086956521739,1.7583333333333333,0.1415929203539823,7.826086956521739,10.5,9,13,89.1025641025641
CPL,1428708,2024-10-01,2024,Trinbago Knight Riders,Barbados Royals,0,0,0,104,168,115,64,26,3,1,38,8,18,54,36,52,25,1,8.765217391304347,1.4608695652173913,0.33043478260869563,0.3076923076923077,1,9.0,12.48,2.4615384615384617,0.1565217391304348,12.48,9.0,1,11,41.66666666666667
CPL,1428708,2024-10-01,2024,Barbados Royals,Trinbago Knight Riders,1,1,0,-104,64,26,168,115,1,3,8,38,10,64,26,0,0,1,14.76923076923077,2.4615384615384617,0.3076923076923077,0.33043478260869563,3,14.76923076923077,,1.4608695652173913,0.38461538461538464,,14.76923076923077,1,12,37.82051282051282
CPL,1428709,2024-10-02,2024,St Lucia Kings,Guyana Amazon Warriors,1,0,0,92,198,120,106,78,5,4,33,31,26,69,36,42,30,8,9.899999999999999,1.65,0.275,0.3974358974358974,4,11.5,8.399999999999999,1.358974358974359,0.21666666666666667,8.399999999999999,11.5,8,12,77.56410256410257
CPL,1428709,2024-10-02,2024,Guyana Amazon Warriors,St Lucia Kings,0,1,0,-92,106,78,198,120,4,5,31,33,12,43,36,0,0,8,8.153846153846153,1.358974358974359,0.3974358974358974,0.275,5,7.166666666666666,,1.65,0.15384615384615385,,7.166666666666666,8,13,89.1025641025641
CPL,1428710,2024-10-04,2024,Barbados Royals,Guyana Amazon Warriors,0,0,0,-1,148,120,149,87,10,2,52,25,19,41,36,37,30,11,7.4,1.2333333333333334,0.43333333333333335,0.28735632183908044,2,6.833333333333333,7.4,1.7126436781609196,0.15833333333333333,7.4,6.833333333333333,11,12,37.82051282051282
CPL,1428710,2024-10-04,2024,Guyana Amazon Warriors,Barbados Royals,1,1,0,1,149,87,148,120,2,10,25,52,19,72,36,0,0,11,10.275862068965518,1.7126436781609196,0.28735632183908044,0.43333333333333335,10,12.0,,1.2333333333333334,0.21839080459770116,,12.0,11,13,89.1025641025641
CPL,1428711,2024-10-06,2024,Guyana Amazon Warriors,St Lucia Kings,0,0,0,-1,138,120,139,109,8,4,61,44,17,27,36,56,30,7,6.8999999999999995,1.15,0.5083333333333333,0.4036697247706422,4,4.5,11.2,1.275229357798165,0.14166666666666666,11.2,4.5,7,13,89.1025641025641
CPL,1428711,2024-10-06,2024,St Lucia Kings,Guyana Amazon Warriors,1,1,0,1,139,109,138,120,4,8,44,61,15,40,36,66,19,7,7.651376146788991,1.275229357798165,0.4036697247706422,0.5083333333333333,8,6.666666666666667,20.842105263157897,1.15,0.13761467889908258,20.842105263157897,6.666666666666667,7,12,77.56410256410257
CPL,1477972,2025-08-14,2025,Antigua and Barbuda Falcons,St Kitts and Nevis Patriots,0,0,0,-4,121,103,125,90,10,4,43,35,14,51,36,17,13,8,7.048543689320388,1.174757281553398,0.4174757281553398,0.3888888888888889,4,8.5,7.846153846153847,1.3888888888888888,0.13592233009708737,7.846153846153847,8.5,8,10,12.179487179487179
CPL,1477972,2025-08-14,2025,St Kitts and Nevis Patriots,Antigua and Barbuda Falcons,1,1,0,4,125,90,121,103,4,10,35,43,16,55,36,0,0,8,8.333333333333332,1.3888888888888888,0.3888888888888889,0.4174757281553398,10,9.166666666666666,,1.174757281553398,0.17777777777777778,,9.166666666666666,8,10,49.358974358974365
CPL,1477973,2025-08-15,2025,St Kitts and Nevis Patriots,Guyana Amazon Warriors,0,0,0,-1,153,120,154,104,9,5,49,43,14,55,36,50,30,13,7.6499999999999995,1.275,0.4083333333333333,0.41346153846153844,5,9.166666666666666,10.0,1.4807692307692308,0.11666666666666667,10.0,9.166666666666666,13,10,49.358974358974365
CPL,1477973,2025-08-15,2025,Guyana Amazon Warriors,St Kitts and Nevis Patriots,1,1,0,1,154,104,153,120,5,9,43,49,23,54,36,15,14,13,8.884615384615385,1.4807692307692308,0.41346153846153844,0.4083333333333333,9,9.0,6.428571428571429,1.275,0.22115384615384615,6.428571428571429,9.0,13,12,80.12820512820514
CPL,1477974,2025-08-16,2025,Barbados Royals,Antigua and Barbuda Falcons,0,0,0,-1,151,120,152,118,6,4,49,40,17,31,36,50,30,8,7.55,1.2583333333333333,0.4083333333333333,0.3389830508474576,4,5.166666666666667,10.0,1.2881355932203389,0.14166666666666666,10.0,5.166666666666667,8,9,21.153846153846153
CPL,1477974,2025-08-16,2025,Antigua and Barbuda Falcons,Barbados Royals,1,1,0,1,152,118,151,120,4,6,40,49,15,43,36,53,28,8,7.728813559322033,1.2881355932203389,0.3389830508474576,0.4083333333333333,6,7.166666666666666,11.357142857142858,1.2583333333333333,0.1271186440677966,11.357142857142858,7.166666666666666,8,10,12.179487179487179
CPL,1477975,2025-08-17,2025,Trinbago Knight Riders,St Kitts and Nevis Patriots,1,0,0,12,231,120,219,120,5,7,27,41,33,77,36,67,30,8,11.55,1.925,0.225,0.3416666666666667,7,12.833333333333332,13.4,1.825,0.275,13.4,12.833333333333332,8,13,45.51282051282051
CPL,1477975,2025-08-17,2025,St Kitts and Nevis Patriots,Trinbago Knight Riders,0,1,0,-12,219,120,231,120,7,5,41,27,31,65,36,67,30,8,10.95,1.825,0.3416666666666667,0.225,5,10.833333333333334,13.4,1.925,0.25833333333333336,13.4,10.833333333333334,8,10,49.358974358974365
CPL,1477977,2025-08-19,2025,St Lucia Kings,St Kitts and Nevis Patriots,1,0,1,3,200,120,197,120,8,6,38,47,27,60,36,46,30,10,10.0,1.6666666666666667,0.31666666666666665,0.39166666666666666,6,10.0,9.200000000000001,1.6416666666666666,0.225,9.200000000000001,10.0,10,10,85.25641025641025
CPL,1477977,2025-08-19,2025,St Kitts and Nevis Patriots,St Lucia Kings,0,1,1,-3,197,120,200,120,6,8,47,38,25,49,36,57,30,10,9.85,1.6416666666666666,0.39166666666666666,0.31666666666666665,8,8.166666666666668,11.399999999999999,1.6666666666666667,0.20833333333333334,11.399999999999999,8.166666666666668,10,10,49.358974358974365
CPL,1477978,2025-08-20,2025,Antigua and Barbuda Falcons,Trinbago Knight Riders,1,0,1,8,167,120,159,120,6,6,46,50,18,35,36,60,30,10,8.35,1.3916666666666666,0.38333333333333336,0.4166666666666667,6,5.833333333333333,12.0,1.325,0.15,12.0,5.833333333333333,10,10,12.179487179487179
CPL,1477978,2025-08-20,2025,Trinbago Knight Riders,Antigua and Barbuda Falcons,0,1,1,-8,159,120,167,120,6,6,50,46,22,56,36,53,30,10,7.949999999999999,1.325,0.4166666666666667,0.38333333333333336,6,9.333333333333334,10.6,1.3916666666666666,0.18333333333333332,10.6,9.333333333333334,10,13,45.51282051282051
CPL,1477979,2025-08-21,2025,St Kitts and Nevis Patriots,Barbados Royals,1,0,0,12,174,120,162,110,8,10,48,41,20,46,36,50,30,11,8.7,1.45,0.4,0.37272727272727274,10,7.666666666666666,10.0,1.4727272727272727,0.16666666666666666,10.0,7.666666666666666,11,10,49.358974358974365
CPL,1477979,2025-08-21,2025,Barbados Royals,St Kitts and Nevis Patriots,0,1,0,-12,162,110,174,120,10,8,41,48,21,49,36,33,20,11,8.836363636363636,1.4727272727272727,0.37272727272727274,0.4,8,8.166666666666668,9.899999999999999,1.45,0.19090909090909092,9.899999999999999,8.166666666666668,11,9,21.153846153846153
CPL,1477980,2025-08-22,2025,Guyana Amazon Warriors,Antigua and Barbuda Falcons,1,0,0,83,211,120,128,92,3,10,34,39,27,36,36,87,30,9,10.55,1.7583333333333333,0.2833333333333333,0.42391304347826086,10,6.0,17.4,1.391304347826087,0.225,17.4,6.0,9,12,80.12820512820514
CPL,1477980,2025-08-22,2025,Antigua and Barbuda Falcons,Guyana Amazon Warriors,0,1,0,-83,128,92,211,120,10,3,39,34,13,77,36,0,2,9,8.347826086956522,1.391304347826087,0.42391304347826086,0.2833333333333333,3,12.833333333333332,0.0,1.7583333333333333,0.14130434782608695,0.0,12.833333333333332,9,10,12.179487179487179
CPL,1477981,2025-08-23,2025,Trinbago Knight Riders,St Lucia Kings,1,0,0,18,183,120,165,120,7,6,45,42,24,58,36,64,30,11,9.149999999999999,1.525,0.375,0.35,6,9.666666666666668,12.8,1.375,0.2,12.8,9.666666666666668,11,13,45.51282051282051
CPL,1477981,2025-08-23,2025,St Lucia Kings,Trinbago Knight Riders,0,1,0,-18,165,120,183,120,6,7,42,45,19,60,36,50,30,11,8.25,1.375,0.35,0.375,7,10.0,10.0,1.525,0.15833333333333333,10.0,10.0,11,10,85.25641025641025
CPL,1477982,2025-08-24,2025,St Kitts and Nevis Patriots,Antigua and Barbuda Falcons,0,0,0,-4,133,120,137,118,9,3,56,44,15,31,36,38,30,13,6.65,1.1083333333333334,0.4666666666666667,0.3728813559322034,3,5.166666666666667,7.6,1.1610169491525424,0.125,7.6,5.166666666666667,13,10,49.358974358974365
CPL,1477982,2025-08-24,2025,Antigua and Barbuda Falcons,St Kitts and Nevis Patriots,1,1,0,4,137,118,133,120,3,9,44,56,15,45,36,31,28,13,6.966101694915254,1.1610169491525424,0.3728813559322034,0.4666666666666667,9,7.5,6.642857142857143,1.1083333333333334,0.1271186440677966,6.642857142857143,7.5,13,10,12.179487179487179
CPL,1477984,2025-08-26,2025,Guyana Amazon Warriors,St Lucia Kings,0,0,0,-1,202,120,203,109,6,6,47,25,27,44,36,74,30,12,10.1,1.6833333333333333,0.39166666666666666,0.22935779816513763,6,7.333333333333334,14.8,1.8623853211009174,0.225,14.8,7.333333333333334,12,12,80.12820512820514
CPL,1477984,2025-08-26,2025,St Lucia Kings,Guyana Amazon Warriors,1,1,0,1,203,109,202,120,6,6,25,47,26,86,36,31,19,12,11.174311926605505,1.8623853211009174,0.22935779816513763,0.39166666666666666,6,14.333333333333332,9.789473684210526,1.6833333333333333,0.23853211009174313,9.789473684210526,14.333333333333332,12,10,85.25641025641025
CPL,1477985,2025-08-27,2025,Antigua and Barbuda Falcons,Trinbago Knight Riders,0,0,0,-6,146,120,152,112,7,2,53,32,18,43,36,55,30,5,7.299999999999999,1.2166666666666666,0.44166666666666665,0.2857142857142857,2,7.166666666666666,11.0,1.3571428571428572,0.15,11.0,7.166666666666666,5,10,12.179487179487179
CPL,1477985,2025-08-27,2025,Trinbago Knight Riders,Antigua and Barbuda Falcons,1,1,0,6,152,112,146,120,2,7,32,53,15,42,36,44,22,5,8.142857142857142,1.3571428571428572,0.2857142857142857,0.44166666666666665,7,7.0,12.0,1.2166666666666666,0.13392857142857142,12.0,7.0,5,13,45.51282051282051
CPL,1477986,2025-08-28,2025,St Kitts and Nevis Patriots,St Lucia Kings,0,0,0,-3,177,120,180,102,3,3,45,34,22,57,36,59,30,5,8.850000000000001,1.475,0.375,0.3333333333333333,3,9.5,11.799999999999999,1.7647058823529411,0.18333333333333332,11.799999999999999,9.5,5,10,49.358974358974365
CPL,1477986,2025-08-28,2025,St Lucia Kings,St Kitts and Nevis Patriots,1,1,0,3,180,102,177,120,3,3,34,45,28,72,36,24,12,5,10.588235294117647,1.7647058823529411,0.3333333333333333,0.375,3,12.0,12.0,1.475,0.27450980392156865,12.0,12.0,5,10,85.25641025641025
CPL,1477987,2025-08-29,2025,Barbados Royals,Trinbago Knight Riders,0,0,0,-1,178,120,179,107,6,3,46,29,23,44,36,60,30,8,8.9,1.4833333333333334,0.38333333333333336,0.27102803738317754,3,7.333333333333334,12.0,1.6728971962616823,0.19166666666666668,12.0,7.333333333333334,8,9,21.153846153846153
CPL,1477987,2025-08-29,2025,Trinbago Knight Riders,Barbados Royals,1,1,0,1,179,107,178,120,3,6,29,46,21,56,36,30,17,8,10.037383177570094,1.6728971962616823,0.27102803738317754,0.38333333333333336,6,9.333333333333334,10.588235294117647,1.4833333333333334,0.19626168224299065,10.588235294117647,9.333333333333334,8,13,45.51282051282051
CPL,1477988,2025-08-30,2025,Guyana Amazon Warriors,Trinbago Knight Riders,0,0,0,-6,163,120,169,104,9,4,55,40,21,37,36,49,30,9,8.15,1.3583333333333334,0.4583333333333333,0.38461538461538464,4,6.166666666666666,9.8,1.625,0.175,9.8,6.166666666666666,9,12,80.12820512820514
CPL,1477988,2025-08-30,2025,Trinbago Knight Riders,Guyana Amazon Warriors,1,1,0,6,169,104,163,120,4,9,40,55,24,77,36,30,14,9,9.75,1.625,0.38461538461538464,0.4583333333333333,9,12.833333333333332,12.857142857142858,1.3583333333333334,0.23076923076923078,12.857142857142858,12.833333333333332,9,13,45.51282051282051
CPL,1477989,2025-08-31,2025,Antigua and Barbuda Falcons,St Lucia Kings,0,0,0,-2,204,120,206,107,4,4,44,28,30,51,36,61,30,8,10.2,1.7,0.36666666666666664,0.2616822429906542,4,8.5,12.2,1.925233644859813,0.25,12.2,8.5,8,10,12.179487179487179
CPL,1477989,2025-08-31,2025,St Lucia Kings,Antigua and Barbuda Falcons,1,1,0,2,206,107,204,120,4,4,28,44,29,92,36,24,17,8,11.551401869158878,1.925233644859813,0.2616822429906542,0.36666666666666664,4,15.333333333333332,8.470588235294118,1.7,0.27102803738317754,8.470588235294118,15.333333333333332,8,10,85.25641025641025
CPL,1477990,2025-09-01,2025,Trinbago Knight Riders,St Kitts and Nevis Patriots,1,0,0,12,179,120,167,120,6,6,50,44,25,48,36,61,30,10,8.95,1.4916666666666667,0.4166666666666667,0.36666666666666664,6,8.0,12.2,1.3916666666666666,0.20833333333333334,12.2,8.0,10,13,45.51282051282051
CPL,1477990,2025-09-01,2025,St Kitts and Nevis Patriots,Trinbago Knight Riders,0,1,0,-12,167,120,179,120,6,6,44,50,18,50,36,41,30,10,8.35,1.3916666666666666,0.36666666666666664,0.4166666666666667,6,8.333333333333332,8.2,1.4916666666666667,0.15,8.2,8.333333333333332,10,10,49.358974358974365
CPL,1477991,2025-09-03,2025,Trinbago Knight Riders,St Lucia Kings,0,0,0,-3,109,109,112,67,10,3,58,25,12,40,36,24,19,8,6.0,1.0,0.5321100917431193,0.373134328358209,3,6.666666666666667,7.578947368421052,1.671641791044776,0.11009174311926606,7.578947368421052,6.666666666666667,8,13,45.51282051282051
CPL,1477991,2025-09-03,2025,St Lucia Kings,Trinbago Knight Riders,1,1,0,3,112,67,109,109,3,10,25,58,19,66,36,0,0,8,10.029850746268657,1.671641791044776,0.373134328358209,0.5321100917431193,10,11.0,,1.0,0.2835820895522388,,11.0,8,10,85.25641025641025
CPL,1477992,2025-09-04,2025,Barbados Royals,Guyana Amazon Warriors,0,0,0,-5,165,120,170,118,6,6,45,32,17,43,36,69,30,11,8.25,1.375,0.375,0.2711864406779661,6,7.166666666666666,13.799999999999999,1.4406779661016949,0.14166666666666666,13.799999999999999,7.166666666666666,11,9,21.153846153846153
CPL,1477992,2025-09-04,2025,Guyana Amazon Warriors,Barbados Royals,1,1,0,5,170,118,165,120,6,6,32,45,17,43,36,43,28,11,8.64406779661017,1.4406779661016949,0.2711864406779661,0.375,6,7.166666666666666,9.214285714285715,1.375,0.1440677966101695,9.214285714285715,7.166666666666666,11,12,80.12820512820514
CPL,1477993,2025-09-05,2025,Barbados Royals,Antigua and Barbuda Falcons,0,0,0,-1,187,120,188,120,4,6,40,27,23,31,36,59,30,9,9.35,1.5583333333333333,0.3333333333333333,0.225,6,5.166666666666667,11.799999999999999,1.5666666666666667,0.19166666666666668,11.799999999999999,5.166666666666667,9,9,21.153846153846153
CPL,1477993,2025-09-05,2025,Antigua and Barbuda Falcons,Barbados Royals,1,1,0,1,188,120,187,120,6,4,27,40,19,55,36,56,30,9,9.4,1.5666666666666667,0.225,0.3333333333333333,4,9.166666666666666,11.2,1.5583333333333333,0.15833333333333333,11.2,9.166666666666666,9,10,12.179487179487179
CPL,1477994,2025-09-06,2025,Trinbago Knight Riders,Guyana Amazon Warriors,0,0,1,-1,167,120,168,119,5,7,47,45,22,40,36,74,30,5,8.35,1.3916666666666666,0.39166666666666666,0.37815126050420167,7,6.666666666666667,14.8,1.411764705882353,0.18333333333333332,14.8,6.666666666666667,5,13,45.51282051282051
CPL,1477994,2025-09-06,2025,Guyana Amazon Warriors,Trinbago Knight Riders,1,1,1,1,168,119,167,120,7,5,45,47,19,66,36,45,29,5,8.470588235294118,1.411764705882353,0.37815126050420167,0.39166666666666666,5,11.0,9.310344827586206,1.3916666666666666,0.15966386554621848,9.310344827586206,11.0,5,12,80.12820512820514
CPL,1477995,2025-09-07,2025,Barbados Royals,St Lucia Kings,1,0,0,27,191,120,164,120,5,9,42,44,25,39,36,71,30,10,9.549999999999999,1.5916666666666666,0.35,0.36666666666666664,9,6.5,14.2,1.3666666666666667,0.20833333333333334,14.2,6.5,10,9,21.153846153846153
CPL,1477995,2025-09-07,2025,St Lucia Kings,Barbados Royals,0,1,0,-27,164,120,191,120,9,5,44,42,17,43,36,40,30,10,8.2,1.3666666666666667,0.36666666666666664,0.35,5,7.166666666666666,8.0,1.5916666666666666,0.14166666666666666,8.0,7.166666666666666,10,10,85.25641025641025
CPL,1477996,2025-09-07,2025,St Kitts and Nevis Patriots,Guyana Amazon Warriors,1,0,1,5,149,120,144,120,6,8,42,44,17,34,36,49,30,9,7.45,1.2416666666666667,0.35,0.36666666666666664,8,5.666666666666666,9.8,1.2,0.14166666666666666,9.8,5.666666666666666,9,10,49.358974358974365
CPL,1477996,2025-09-07,2025,Guyana Amazon Warriors,St Kitts and Nevis Patriots,0,1,1,-5,144,120,149,120,8,6,44,42,13,41,36,44,30,9,7.199999999999999,1.2,0.36666666666666664,0.35,6,6.833333333333333,8.799999999999999,1.2416666666666667,0.10833333333333334,8.799999999999999,6.833333333333333,9,12,80.12820512820514
CPL,1477997,2025-09-10,2025,Guyana Amazon Warriors,Antigua and Barbuda Falcons,0,0,0,-4,99,109,103,115,10,6,53,54,11,26,36,21,19,6,5.4495412844036695,0.908256880733945,0.48623853211009177,0.46956521739130436,6,4.333333333333333,6.631578947368421,0.8956521739130435,0.10091743119266056,6.631578947368421,4.333333333333333,6,12,80.12820512820514
CPL,1477997,2025-09-10,2025,Antigua and Barbuda Falcons,Guyana Amazon Warriors,1,1,0,4,103,115,99,109,6,10,54,53,9,36,36,28,25,6,5.373913043478261,0.8956521739130435,0.46956521739130436,0.48623853211009177,10,6.0,6.720000000000001,0.908256880733945,0.0782608695652174,6.720000000000001,6.0,6,10,12.179487179487179
CPL,1477998,2025-09-11,2025,St Kitts and Nevis Patriots,Barbados Royals,1,0,1,1,150,120,149,120,7,7,45,53,15,46,36,48,30,8,7.5,1.25,0.375,0.44166666666666665,7,7.666666666666666,9.600000000000001,1.2416666666666667,0.125,9.600000000000001,7.666666666666666,8,10,49.358974358974365
CPL,1477998,2025-09-11,2025,Barbados Royals,St Kitts and Nevis Patriots,0,1,1,-1,149,120,150,120,7,7,53,45,15,44,36,38,30,8,7.45,1.2416666666666667,0.44166666666666665,0.375,7,7.333333333333334,7.6,1.25,0.125,7.6,7.333333333333334,8,9,21.153846153846153
CPL,1477999,2025-09-12,2025,Trinbago Knight Riders,Barbados Royals,0,0,0,-6,166,120,172,114,8,3,42,38,17,34,36,61,30,9,8.3,1.3833333333333333,0.35,0.3333333333333333,3,5.666666666666666,12.2,1.5087719298245614,0.14166666666666666,12.2,5.666666666666666,9,13,45.51282051282051
CPL,1477999,2025-09-12,2025,Barbados Royals,Trinbago Knight Riders,1,1,0,6,172,114,166,120,3,8,38,42,17,62,36,54,24,9,9.052631578947368,1.5087719298245614,0.3333333333333333,0.35,8,10.333333333333334,13.5,1.3833333333333333,0.14912280701754385,13.5,10.333333333333334,9,9,21.153846153846153
CPL,1478000,2025-09-13,2025,St Lucia Kings,Guyana Amazon Warriors,0,0,1,-3,185,120,188,120,4,8,34,35,21,64,36,43,30,10,9.25,1.5416666666666667,0.2833333333333333,0.2916666666666667,8,10.666666666666666,8.6,1.5666666666666667,0.175,8.6,10.666666666666666,10,10,85.25641025641025
CPL,1478000,2025-09-13,2025,Guyana Amazon Warriors,St Lucia Kings,1,1,1,3,188,120,185,120,8,4,35,34,24,51,36,52,30,10,9.4,1.5666666666666667,0.2916666666666667,0.2833333333333333,4,8.5,10.4,1.5416666666666667,0.2,10.4,8.5,10,12,80.12820512820514
CPL,1478001,2025-09-14,2025,Guyana Amazon Warriors,Barbados Royals,1,0,0,64,189,120,125,110,6,10,41,47,24,41,36,63,30,12,9.45,1.575,0.3416666666666667,0.42727272727272725,10,6.833333333333333,12.600000000000001,1.1363636363636365,0.2,12.600000000000001,6.833333333333333,12,12,80.12820512820514
CPL,1478001,2025-09-14,2025,Barbados Royals,Guyana Amazon Warriors,0,1,0,-64,125,110,189,120,10,6,47,41,13,32,36,32,20,12,6.818181818181818,1.1363636363636365,0.42727272727272725,0.3416666666666667,6,5.333333333333333,9.600000000000001,1.575,0.11818181818181818,9.600000000000001,5.333333333333333,12,9,21.153846153846153
CPL,1478002,2025-09-16,2025,Antigua and Barbuda Falcons,Trinbago Knight Riders,0,0,0,-2,166,120,168,105,8,1,44,29,21,44,36,47,30,5,8.3,1.3833333333333333,0.36666666666666664,0.2761904761904762,1,7.333333333333334,9.4,1.6,0.175,9.4,7.333333333333334,5,10,12.179487179487179
CPL,1478002,2025-09-16,2025,Trinbago Knight Riders,Antigua and Barbuda Falcons,1,1,0,2,168,105,166,120,1,8,29,44,19,59,36,26,15,5,9.600000000000001,1.6,0.2761904761904762,0.36666666666666664,8,9.833333333333332,10.4,1.3833333333333333,0.18095238095238095,10.4,9.833333333333332,5,13,45.51282051282051
CPL,1478003,2025-09-17,2025,Guyana Amazon Warriors,St Lucia Kings,1,0,0,14,157,119,143,115,10,10,43,53,17,45,36,50,29,12,7.915966386554622,1.319327731092437,0.36134453781512604,0.4608695652173913,10,7.5,10.344827586206897,1.2434782608695651,0.14285714285714285,10.344827586206897,7.5,12,12,80.12820512820514
CPL,1478003,2025-09-17,2025,St Lucia Kings,Guyana Amazon Warriors,0,1,0,-14,143,115,157,119,10,10,53,43,20,37,36,43,25,12,7.460869565217391,1.2434782608695651,0.4608695652173913,0.36134453781512604,10,6.166666666666666,10.32,1.319327731092437,0.17391304347826086,10.32,6.166666666666666,12,10,85.25641025641025
CPL,1478004,2025-09-19,2025,Trinbago Knight Riders,St Lucia Kings,1,0,0,56,194,120,138,120,4,8,48,51,24,61,36,60,30,9,9.7,1.6166666666666667,0.4,0.425,8,10.166666666666666,12.0,1.15,0.2,12.0,10.166666666666666,9,13,45.51282051282051
CPL,1478004,2025-09-19,2025,St Lucia Kings,Trinbago Knight Riders,0,1,0,-56,138,120,194,120,8,4,51,48,18,44,36,30,30,9,6.8999999999999995,1.15,0.425,0.4,4,7.333333333333334,6.0,1.6166666666666667,0.15,6.0,7.333333333333334,9,10,85.25641025641025
CPL,1478005,2025-09-21,2025,Guyana Amazon Warriors,Trinbago Knight Riders,0,0,1,-3,130,120,133,108,8,7,55,52,14,41,36,46,30,10,6.5,1.0833333333333333,0.4583333333333333,0.48148148148148145,7,6.833333333333333,9.200000000000001,1.2314814814814814,0.11666666666666667,9.200000000000001,6.833333333333333,10,12,80.12820512820514
CPL,1478005,2025-09-21,2025,Trinbago Knight Riders,Guyana Amazon Warriors,1,1,1,3,133,108,130,120,7,8,52,55,14,45,36,22,18,10,7.388888888888888,1.2314814814814814,0.48148148148148145,0.4583333333333333,8,7.5,7.333333333333334,1.0833333333333333,0.12962962962962962,7.333333333333334,7.5,10,13,45.51282051282051
CPL,1534179,2026-08-07,2026,Jamaica Kingsmen,Antigua and Barbuda Falcons,0,0,1,-1,167,120,168,120,7,8,52,41,18,54,36,57,30,13,8.35,1.3916666666666666,0.43333333333333335,0.3416666666666667,8,9.0,11.399999999999999,1.4,0.15,11.399999999999999,9.0,13,9,15.384615384615385
CPL,1534179,2026-08-07,2026,Antigua and Barbuda Falcons,Jamaica Kingsmen,1,1,1,1,168,120,167,120,8,7,41,52,19,46,36,43,30,13,8.399999999999999,1.4,0.3416666666666667,0.43333333333333335,7,7.666666666666666,8.6,1.3916666666666666,0.15833333333333333,8.6,7.666666666666666,13,9,87.17948717948718
CPL,1534180,2026-08-08,2026,St Kitts and Nevis Patriots,Trinbago Knight Riders,0,0,0,15,109,120,94,90,9,3,63,33,9,24,36,33,30,9,5.45,0.9083333333333333,0.525,0.36666666666666664,3,4.0,6.6000000000000005,1.0444444444444445,0.075,6.6000000000000005,4.0,9,8,39.743589743589745
CPL,1534180,2026-08-08,2026,Trinbago Knight Riders,St Kitts and Nevis Patriots,1,1,0,-15,94,90,109,120,3,9,33,63,4,38,36,0,0,9,6.2666666666666675,1.0444444444444445,0.36666666666666664,0.525,9,6.333333333333334,,0.9083333333333333,0.044444444444444446,,6.333333333333334,9,9,35.8974358974359
CPL,1534181,2026-08-09,2026,St Lucia Kings,Antigua and Barbuda Falcons,1,0,1,4,187,120,183,120,8,7,46,42,26,53,36,60,30,11,9.35,1.5583333333333333,0.38333333333333336,0.35,7,8.833333333333334,12.0,1.525,0.21666666666666667,12.0,8.833333333333334,11,9,39.743589743589745
CPL,1534181,2026-08-09,2026,Antigua and Barbuda Falcons,St Lucia Kings,0,1,1,-4,183,120,187,120,7,8,42,46,22,65,36,41,30,11,9.149999999999999,1.525,0.35,0.38333333333333336,8,10.833333333333334,8.2,1.5583333333333333,0.18333333333333332,8.2,10.833333333333334,11,9,87.17948717948718
CPL,1534182,2026-08-11,2026,Barbados Tridents,Jamaica Kingsmen,1,0,1,5,206,120,201,120,3,9,31,45,26,67,36,59,30,7,10.299999999999999,1.7166666666666666,0.25833333333333336,0.375,9,11.166666666666668,11.799999999999999,1.675,0.21666666666666667,11.799999999999999,11.166666666666668,7,7,23.076923076923077
CPL,1534182,2026-08-11,2026,Jamaica Kingsmen,Barbados Tridents,0,1,1,-5,201,120,206,120,9,3,45,31,22,36,36,60,30,7,10.05,1.675,0.375,0.25833333333333336,3,6.0,12.0,1.7166666666666666,0.18333333333333332,12.0,6.0,7,9,15.384615384615385
CPL,1534183,2026-08-12,2026,St Lucia Kings,St Kitts and Nevis Patriots,0,0,0,-1,155,120,156,106,8,5,54,43,20,57,36,22,30,11,7.75,1.2916666666666667,0.45,0.4056603773584906,5,9.5,4.3999999999999995,1.471698113207547,0.16666666666666666,4.3999999999999995,9.5,11,9,39.743589743589745
CPL,1534183,2026-08-12,2026,St Kitts and Nevis Patriots,St Lucia Kings,1,1,0,1,156,106,155,120,5,8,43,54,19,59,36,22,16,11,8.830188679245282,1.471698113207547,0.4056603773584906,0.45,8,9.833333333333332,8.25,1.2916666666666667,0.1792452830188679,8.25,9.833333333333332,11,8,39.743589743589745
CPL,1534184,2026-08-13,2026,Jamaica Kingsmen,Guyana Amazon Warriors,0,0,0,-1,117,118,118,85,10,4,52,31,10,26,36,33,28,9,5.9491525423728815,0.9915254237288136,0.4406779661016949,0.36470588235294116,4,4.333333333333333,7.071428571428571,1.388235294117647,0.0847457627118644,7.071428571428571,4.333333333333333,9,9,15.384615384615385
CPL,1534184,2026-08-13,2026,Guyana Amazon Warriors,Jamaica Kingsmen,1,1,0,1,118,85,117,118,4,10,31,52,15,45,36,0,0,9,8.329411764705881,1.388235294117647,0.36470588235294116,0.4406779661016949,10,7.5,,0.9915254237288136,0.17647058823529413,,7.5,9,7,93.58974358974359
CPL,1534185,2026-08-14,2026,Antigua and Barbuda Falcons,St Lucia Kings,0,0,1,44,98,114,54,46,9,7,59,25,10,43,36,26,24,16,5.157894736842105,0.8596491228070176,0.5175438596491229,0.5434782608695652,7,7.166666666666666,6.5,1.173913043478261,0.08771929824561403,6.5,7.166666666666666,16,9,87.17948717948718
CPL,1534185,2026-08-14,2026,St Lucia Kings,Antigua and Barbuda Falcons,1,1,1,-44,54,46,98,114,7,9,25,59,7,33,36,0,0,16,7.043478260869566,1.173913043478261,0.5434782608695652,0.5175438596491229,9,5.5,,0.8596491228070176,0.15217391304347827,,5.5,16,9,39.743589743589745
CPL,1534186,2026-08-15,2026,Trinbago Knight Riders,Jamaica Kingsmen,0,0,0,-1,182,120,183,112,6,5,48,40,23,38,36,57,30,6,9.1,1.5166666666666666,0.4,0.35714285714285715,5,6.333333333333334,11.399999999999999,1.6339285714285714,0.19166666666666668,11.399999999999999,6.333333333333334,6,9,35.8974358974359
CPL,1534186,2026-08-15,2026,Jamaica Kingsmen,Trinbago Knight Riders,1,1,0,1,183,112,182,120,5,6,40,48,26,82,36,54,22,6,9.803571428571429,1.6339285714285714,0.35714285714285715,0.4,6,13.666666666666666,14.727272727272727,1.5166666666666666,0.23214285714285715,14.727272727272727,13.666666666666666,6,9,15.384615384615385
CPL,1534187,2026-08-16,2026,Barbados Tridents,St Lucia Kings,1,0,1,9,177,108,168,108,5,8,33,42,22,63,36,38,18,10,9.833333333333332,1.6388888888888888,0.3055555555555556,0.3888888888888889,8,10.5,12.666666666666668,1.5555555555555556,0.2037037037037037,12.666666666666668,10.5,10,7,23.076923076923077
CPL,1534187,2026-08-16,2026,St Lucia Kings,Barbados Tridents,0,1,1,-9,168,108,177,108,8,5,42,33,24,59,36,36,18,10,9.333333333333334,1.5555555555555556,0.3888888888888889,0.3055555555555556,5,9.833333333333332,12.0,1.6388888888888888,0.2222222222222222,12.0,9.833333333333332,10,9,39.743589743589745
CPL,1534188,2026-08-18,2026,Jamaica Kingsmen,St Kitts and Nevis Patriots,1,0,0,51,181,120,130,108,6,10,49,40,23,42,36,67,30,11,9.05,1.5083333333333333,0.4083333333333333,0.37037037037037035,10,7.0,13.4,1.2037037037037037,0.19166666666666668,13.4,7.0,11,9,15.384615384615385
CPL,1534188,2026-08-18,2026,St Kitts and Nevis Patriots,Jamaica Kingsmen,0,1,0,-51,130,108,181,120,10,6,40,49,12,45,36,19,18,11,7.222222222222222,1.2037037037037037,0.37037037037037035,0.4083333333333333,6,7.5,6.333333333333334,1.5083333333333333,0.1111111111111111,6.333333333333334,7.5,11,8,39.743589743589745
CPL,1534189,2026-08-19,2026,St Lucia Kings,Guyana Amazon Warriors,0,0,0,-6,151,120,157,109,7,3,44,42,17,51,36,42,30,10,7.55,1.2583333333333333,0.36666666666666664,0.3853211009174312,3,8.5,8.399999999999999,1.4403669724770642,0.14166666666666666,8.399999999999999,8.5,10,9,39.743589743589745
CPL,1534189,2026-08-19,2026,Guyana Amazon Warriors,St Lucia Kings,1,1,0,6,157,109,151,120,3,7,42,44,19,48,36,44,19,10,8.642201834862385,1.4403669724770642,0.3853211009174312,0.36666666666666664,7,8.0,13.894736842105264,1.2583333333333333,0.1743119266055046,13.894736842105264,8.0,10,7,93.58974358974359
CPL,1534190,2026-08-20,2026,St Kitts and Nevis Patriots,Antigua and Barbuda Falcons,0,0,1,-4,187,120,191,117,6,7,52,39,25,51,36,67,30,14,9.35,1.5583333333333333,0.43333333333333335,0.3333333333333333,7,8.5,13.4,1.6324786324786325,0.20833333333333334,13.4,8.5,14,8,39.743589743589745
CPL,1534190,2026-08-20,2026,Antigua and Barbuda Falcons,St Kitts and Nevis Patriots,1,1,1,4,191,117,187,120,7,6,39,52,23,47,36,62,27,14,9.794871794871796,1.6324786324786325,0.3333333333333333,0.43333333333333335,6,7.833333333333334,13.777777777777779,1.5583333333333333,0.19658119658119658,13.777777777777779,7.833333333333334,14,9,87.17948717948718
CPL,1534191,2026-08-21,2026,Jamaica Kingsmen,St Lucia Kings,0,0,0,-2,169,120,171,110,9,4,43,44,18,55,36,50,30,11,8.450000000000001,1.4083333333333334,0.35833333333333334,0.4,4,9.166666666666666,10.0,1.5545454545454545,0.15,10.0,9.166666666666666,11,9,15.384615384615385
CPL,1534191,2026-08-21,2026,St Lucia Kings,Jamaica Kingsmen,1,1,0,2,171,110,169,120,4,9,44,43,25,39,36,46,20,11,9.327272727272726,1.5545454545454545,0.4,0.35833333333333334,9,6.5,13.799999999999999,1.4083333333333334,0.22727272727272727,13.799999999999999,6.5,11,9,39.743589743589745
CPL,1534192,2026-08-22,2026,Trinbago Knight Riders,Antigua and Barbuda Falcons,0,0,0,-3,165,120,168,111,6,5,49,47,20,73,36,42,30,10,8.25,1.375,0.4083333333333333,0.42342342342342343,5,12.166666666666666,8.399999999999999,1.5135135135135136,0.16666666666666666,8.399999999999999,12.166666666666666,10,9,35.8974358974359
CPL,1534192,2026-08-22,2026,Antigua and Barbuda Falcons,Trinbago Knight Riders,1,1,0,3,168,111,165,120,5,6,47,49,19,33,36,64,21,10,9.08108108108108,1.5135135135135136,0.42342342342342343,0.4083333333333333,6,5.5,18.285714285714285,1.375,0.17117117117117117,18.285714285714285,5.5,10,9,87.17948717948718
CPL,1534193,2026-08-23,2026,Antigua and Barbuda Falcons,Guyana Amazon Warriors,0,0,0,-5,116,102,121,59,10,3,42,18,13,49,36,6,12,10,6.823529411764706,1.1372549019607843,0.4117647058823529,0.3050847457627119,3,8.166666666666668,3.0,2.0508474576271185,0.12745098039215685,3.0,8.166666666666668,10,9,87.17948717948718
CPL,1534193,2026-08-23,2026,Guyana Amazon Warriors,Antigua and Barbuda Falcons,1,1,0,5,121,59,116,102,3,10,18,42,16,55,36,0,0,10,12.305084745762711,2.0508474576271185,0.3050847457627119,0.4117647058823529,10,9.166666666666666,,1.1372549019607843,0.2711864406779661,,9.166666666666666,10,7,93.58974358974359
CPL,1534194,2026-08-25,2026,Antigua and Barbuda Falcons,Barbados Tridents,1,0,0,30,155,120,125,108,5,10,42,48,15,40,36,62,30,9,7.75,1.2916666666666667,0.35,0.4444444444444444,10,6.666666666666667,12.400000000000002,1.1574074074074074,0.125,12.400000000000002,6.666666666666667,9,9,87.17948717948718
CPL,1534194,2026-08-25,2026,Barbados Tridents,Antigua and Barbuda Falcons,0,1,0,-30,125,108,155,120,10,5,48,42,14,45,36,22,18,9,6.944444444444445,1.1574074074074074,0.4444444444444444,0.35,5,7.5,7.333333333333334,1.2916666666666667,0.12962962962962962,7.333333333333334,7.5,9,7,23.076923076923077
CPL,1534195,2026-08-26,2026,St Lucia Kings,Trinbago Knight Riders,1,0,0,36,211,120,175,120,4,6,36,49,29,64,36,56,30,7,10.55,1.7583333333333333,0.3,0.4083333333333333,6,10.666666666666666,11.2,1.4583333333333333,0.24166666666666667,11.2,10.666666666666666,7,9,39.743589743589745
CPL,1534195,2026-08-26,2026,Trinbago Knight Riders,St Lucia Kings,0,1,0,-36,175,120,211,120,6,4,49,36,24,56,36,49,30,7,8.75,1.4583333333333333,0.4083333333333333,0.3,4,9.333333333333334,9.8,1.7583333333333333,0.2,9.8,9.333333333333334,7,9,35.8974358974359
CPL,1534196,2026-08-27,2026,Jamaica Kingsmen,St Kitts and Nevis Patriots,1,0,0,11,182,120,171,120,7,6,41,52,23,42,36,59,30,10,9.1,1.5166666666666666,0.3416666666666667,0.43333333333333335,6,7.0,11.799999999999999,1.425,0.19166666666666668,11.799999999999999,7.0,10,9,15.384615384615385
CPL,1534196,2026-08-27,2026,St Kitts and Nevis Patriots,Jamaica Kingsmen,0,1,0,-11,171,120,182,120,6,7,52,41,22,42,36,59,30,10,8.55,1.425,0.43333333333333335,0.3416666666666667,7,7.0,11.799999999999999,1.5166666666666666,0.18333333333333332,11.799999999999999,7.0,10,8,39.743589743589745
CPL,1534197,2026-08-28,2026,Barbados Tridents,Trinbago Knight Riders,0,0,0,-1,127,120,128,89,9,3,63,31,15,31,36,47,30,12,6.35,1.0583333333333333,0.525,0.34831460674157305,3,5.166666666666667,9.4,1.4382022471910112,0.125,9.4,5.166666666666667,12,7,23.076923076923077
CPL,1534197,2026-08-28,2026,Trinbago Knight Riders,Barbados Tridents,1,1,0,1,128,89,127,120,3,9,31,63,16,60,36,0,0,12,8.629213483146067,1.4382022471910112,0.34831460674157305,0.525,9,10.0,,1.0583333333333333,0.1797752808988764,,10.0,12,9,35.8974358974359
CPL,1534198,2026-08-29,2026,Trinbago Knight Riders,Jamaica Kingsmen,0,0,1,53,180,120,127,88,6,3,43,30,24,59,36,45,30,6,9.0,1.5,0.35833333333333334,0.3409090909090909,3,9.833333333333332,9.0,1.4431818181818181,0.2,9.0,9.833333333333332,6,9,35.8974358974359
CPL,1534198,2026-08-29,2026,Jamaica Kingsmen,Trinbago Knight Riders,1,1,1,-53,127,88,180,120,3,6,30,43,15,54,36,0,0,6,8.659090909090908,1.4431818181818181,0.3409090909090909,0.35833333333333334,6,9.0,,1.5,0.17045454545454544,,9.0,6,9,15.384615384615385
CPL,1534200,2026-08-31,2026,Guyana Amazon Warriors,Trinbago Knight Riders,1,0,1,13,185,96,172,96,5,7,30,33,25,31,36,18,6,6,11.5625,1.9270833333333333,0.3125,0.34375,7,5.166666666666667,18.0,1.7916666666666667,0.2604166666666667,18.0,5.166666666666667,6,7,93.58974358974359
CPL,1534200,2026-08-31,2026,Trinbago Knight Riders,Guyana Amazon Warriors,0,1,1,-13,172,96,185,96,7,5,33,30,26,67,36,14,6,6,10.75,1.7916666666666667,0.34375,0.3125,5,11.166666666666668,14.0,1.9270833333333333,0.2708333333333333,14.0,11.166666666666668,6,9,35.8974358974359
CPL,1534201,2026-09-01,2026,Barbados Tridents,St Kitts and Nevis Patriots,0,0,0,-3,217,120,220,115,4,4,40,38,31,53,36,76,30,8,10.85,1.8083333333333333,0.3333333333333333,0.33043478260869563,4,8.833333333333334,15.2,1.9130434782608696,0.25833333333333336,15.2,8.833333333333334,8,7,23.076923076923077
CPL,1534201,2026-09-01,2026,St Kitts and Nevis Patriots,Barbados Tridents,1,1,0,3,220,115,217,120,4,4,38,40,30,58,36,63,25,8,11.478260869565219,1.9130434782608696,0.33043478260869563,0.3333333333333333,4,9.666666666666668,15.120000000000001,1.8083333333333333,0.2608695652173913,15.120000000000001,9.666666666666668,8,8,39.743589743589745
CPL,1534202,2026-09-02,2026,Antigua and Barbuda Falcons,Trinbago Knight Riders,1,0,1,8,183,120,175,120,4,7,50,48,26,43,36,59,30,9,9.149999999999999,1.525,0.4166666666666667,0.4,7,7.166666666666666,11.799999999999999,1.4583333333333333,0.21666666666666667,11.799999999999999,7.166666666666666,9,9,87.17948717948718
CPL,1534202,2026-09-02,2026,Trinbago Knight Riders,Antigua and Barbuda Falcons,0,1,1,-8,175,120,183,120,7,4,48,50,24,63,36,47,30,9,8.75,1.4583333333333333,0.4,0.4166666666666667,4,10.5,9.4,1.525,0.2,9.4,10.5,9,9,35.8974358974359
CPL,1534203,2026-09-03,2026,St Kitts and Nevis Patriots,St Lucia Kings,1,0,0,137,235,120,98,83,4,10,41,33,35,59,36,93,30,9,11.75,1.9583333333333333,0.3416666666666667,0.39759036144578314,10,9.833333333333332,18.6,1.180722891566265,0.2916666666666667,18.6,9.833333333333332,9,8,39.743589743589745
CPL,1534203,2026-09-03,2026,St Lucia Kings,St Kitts and Nevis Patriots,0,1,0,-137,98,83,235,120,10,4,33,41,13,46,36,0,0,9,7.0843373493975905,1.180722891566265,0.39759036144578314,0.3416666666666667,4,7.666666666666666,,1.9583333333333333,0.1566265060240964,,7.666666666666666,9,9,39.743589743589745
CPL,1534204,2026-09-04,2026,Jamaica Kingsmen,Guyana Amazon Warriors,0,0,0,-1,159,120,160,104,7,2,40,30,15,46,36,67,30,6,7.949999999999999,1.325,0.3333333333333333,0.28846153846153844,2,7.666666666666666,13.4,1.5384615384615385,0.125,13.4,7.666666666666666,6,9,15.384615384615385
CPL,1534204,2026-09-04,2026,Guyana Amazon Warriors,Jamaica Kingsmen,1,1,0,1,160,104,159,120,2,7,30,40,19,65,36,21,14,6,9.230769230769232,1.5384615384615385,0.28846153846153844,0.3333333333333333,7,10.833333333333334,9.0,1.325,0.18269230769230768,9.0,10.833333333333334,6,7,93.58974358974359
CPL,1534205,2026-09-05,2026,Trinbago Knight Riders,Barbados Tridents,1,0,0,35,147,120,112,111,6,10,59,59,18,28,36,31,30,11,7.3500000000000005,1.225,0.49166666666666664,0.5315315315315315,10,4.666666666666667,6.200000000000001,1.009009009009009,0.15,6.200000000000001,4.666666666666667,11,9,35.8974358974359
CPL,1534205,2026-09-05,2026,Barbados Tridents,Trinbago Knight Riders,0,1,0,-35,112,111,147,120,10,6,59,59,15,35,36,17,21,11,6.0540540540540535,1.009009009009009,0.5315315315315315,0.49166666666666664,6,5.833333333333333,4.857142857142858,1.225,0.13513513513513514,4.857142857142858,5.833333333333333,11,7,23.076923076923077
CPL,1534206,2026-09-06,2026,St Kitts and Nevis Patriots,Guyana Amazon Warriors,0,0,0,-4,128,116,132,111,10,3,54,47,15,39,36,32,26,5,6.620689655172414,1.103448275862069,0.46551724137931033,0.42342342342342343,3,6.5,7.384615384615385,1.1891891891891893,0.12931034482758622,7.384615384615385,6.5,5,8,39.743589743589745
CPL,1534206,2026-09-06,2026,Guyana Amazon Warriors,St Kitts and Nevis Patriots,1,1,0,4,132,111,128,116,3,10,47,54,15,58,36,26,21,5,7.135135135135135,1.1891891891891893,0.42342342342342343,0.46551724137931033,10,9.666666666666668,7.428571428571429,1.103448275862069,0.13513513513513514,7.428571428571429,9.666666666666668,5,7,93.58974358974359
CPL,1534207,2026-09-06,2026,St Lucia Kings,Barbados Tridents,0,0,0,-1,138,120,139,107,6,2,43,45,13,51,36,29,30,5,6.8999999999999995,1.15,0.35833333333333334,0.4205607476635514,2,8.5,5.8,1.2990654205607477,0.10833333333333334,5.8,8.5,5,9,39.743589743589745
CPL,1534207,2026-09-06,2026,Barbados Tridents,St Lucia Kings,1,1,0,1,139,107,138,120,2,6,45,43,18,46,36,35,17,5,7.794392523364486,1.2990654205607477,0.4205607476635514,0.35833333333333334,6,7.666666666666666,12.352941176470587,1.15,0.16822429906542055,12.352941176470587,7.666666666666666,5,7,23.076923076923077
CPL,1534208,2026-09-08,2026,Antigua and Barbuda Falcons,Guyana Amazon Warriors,1,0,0,65,182,120,117,86,5,10,46,42,21,44,36,72,30,8,9.1,1.5166666666666666,0.38333333333333336,0.4883720930232558,10,7.333333333333334,14.399999999999999,1.3604651162790697,0.175,14.399999999999999,7.333333333333334,8,9,87.17948717948718
CPL,1534208,2026-09-08,2026,Guyana Amazon Warriors,Antigua and Barbuda Falcons,0,1,0,-65,117,86,182,120,10,5,42,46,14,71,36,0,0,8,8.162790697674419,1.3604651162790697,0.4883720930232558,0.38333333333333336,5,11.833333333333334,,1.5166666666666666,0.16279069767441862,,11.833333333333334,8,7,93.58974358974359
CPL,635215,2013-07-30,2013,Barbados Tridents,St Lucia Zouks,1,0,0,17,169,120,152,118,5,10,36,47,18,36,36,58,30,12,8.450000000000001,1.4083333333333334,0.3,0.3983050847457627,10,6.0,11.6,1.2881355932203389,0.15,11.6,6.0,12,7,78.84615384615384
CPL,635215,2013-07-30,2013,St Lucia Zouks,Barbados Tridents,0,1,0,-17,152,118,169,120,10,5,47,36,19,64,36,42,28,12,7.728813559322033,1.2881355932203389,0.3983050847457627,0.3,5,10.666666666666666,9.0,1.4083333333333334,0.16101694915254236,9.0,10.666666666666666,12,6,16.025641025641026
CPL,635216,2013-07-31,2013,Guyana Amazon Warriors,Trinidad & Tobago Red Steel,1,0,0,19,155,120,136,120,5,9,45,51,14,53,36,53,30,6,7.75,1.2916666666666667,0.375,0.425,9,8.833333333333334,10.6,1.1333333333333333,0.11666666666666667,10.6,8.833333333333334,6,9,87.82051282051282
CPL,635216,2013-07-31,2013,Trinidad & Tobago Red Steel,Guyana Amazon Warriors,0,1,0,-19,136,120,155,120,9,5,51,45,13,28,36,40,30,6,6.8,1.1333333333333333,0.425,0.375,5,4.666666666666667,8.0,1.2916666666666667,0.10833333333333334,8.0,4.666666666666667,6,8,33.97435897435898
CPL,635217,2013-08-01,2013,Barbados Tridents,Antigua Hawksbills,1,0,0,12,146,120,134,120,8,8,53,51,16,38,36,48,30,14,7.299999999999999,1.2166666666666666,0.44166666666666665,0.425,8,6.333333333333334,9.600000000000001,1.1166666666666667,0.13333333333333333,9.600000000000001,6.333333333333334,14,7,78.84615384615384
CPL,635217,2013-08-01,2013,Antigua Hawksbills,Barbados Tridents,0,1,0,-12,134,120,146,120,8,8,51,53,14,36,36,46,30,14,6.7,1.1166666666666667,0.425,0.44166666666666665,8,6.0,9.200000000000001,1.2166666666666666,0.11666666666666667,9.200000000000001,6.0,14,7,27.564102564102566
CPL,635218,2013-08-02,2013,Jamaica Tallawahs,Guyana Amazon Warriors,0,0,0,-1,117,116,118,87,10,2,58,32,10,24,36,41,25,5,6.051724137931034,1.0086206896551724,0.5,0.367816091954023,2,4.0,9.84,1.3563218390804597,0.08620689655172414,9.84,4.0,5,9,51.92307692307693
CPL,635218,2013-08-02,2013,Guyana Amazon Warriors,Jamaica Tallawahs,1,1,0,1,118,87,117,116,2,10,32,58,14,48,36,0,0,5,8.137931034482758,1.3563218390804597,0.367816091954023,0.5,10,8.0,,1.0086206896551724,0.16091954022988506,,8.0,5,9,87.82051282051282
CPL,635219,2013-08-03,2013,Trinidad & Tobago Red Steel,Barbados Tridents,0,0,0,-1,52,77,53,48,10,6,46,29,4,30,36,0,0,10,4.051948051948052,0.6753246753246753,0.5974025974025974,0.6041666666666666,6,5.0,,1.1041666666666667,0.05194805194805195,,5.0,10,8,33.97435897435898
CPL,635219,2013-08-03,2013,Barbados Tridents,Trinidad & Tobago Red Steel,1,1,0,1,53,48,52,77,6,10,29,46,5,44,36,0,0,10,6.625,1.1041666666666667,0.6041666666666666,0.5974025974025974,10,7.333333333333334,,0.6753246753246753,0.10416666666666667,,7.333333333333334,10,7,78.84615384615384
CPL,635220,2013-08-04,2013,Antigua Hawksbills,Jamaica Tallawahs,0,0,0,-3,117,120,120,101,7,3,51,44,7,48,36,28,30,4,5.85,0.975,0.425,0.43564356435643564,3,8.0,5.6,1.188118811881188,0.058333333333333334,5.6,8.0,4,7,27.564102564102566
CPL,635220,2013-08-04,2013,Jamaica Tallawahs,Antigua Hawksbills,1,1,0,3,120,101,117,120,3,7,44,51,14,32,36,26,11,4,7.128712871287128,1.188118811881188,0.43564356435643564,0.425,7,5.333333333333333,14.181818181818183,0.975,0.13861386138613863,14.181818181818183,5.333333333333333,4,9,51.92307692307693
CPL,635221,2013-08-04,2013,Guyana Amazon Warriors,St Lucia Zouks,0,0,0,-3,126,120,129,117,6,5,52,54,12,36,36,50,30,2,6.300000000000001,1.05,0.43333333333333335,0.46153846153846156,5,6.0,10.0,1.1025641025641026,0.1,10.0,6.0,2,9,87.82051282051282
CPL,635221,2013-08-04,2013,St Lucia Zouks,Guyana Amazon Warriors,1,1,0,3,129,117,126,120,5,6,54,52,15,30,36,45,27,2,6.615384615384616,1.1025641025641026,0.46153846153846156,0.43333333333333335,6,5.0,10.0,1.05,0.1282051282051282,10.0,5.0,2,6,16.025641025641026
CPL,635222,2013-08-06,2013,Antigua Hawksbills,St Lucia Zouks,1,0,0,33,166,120,133,120,6,8,41,53,20,40,36,50,30,8,8.3,1.3833333333333333,0.3416666666666667,0.44166666666666665,8,6.666666666666667,10.0,1.1083333333333334,0.16666666666666666,10.0,6.666666666666667,8,7,27.564102564102566
CPL,635222,2013-08-06,2013,St Lucia Zouks,Antigua Hawksbills,0,1,0,-33,133,120,166,120,8,6,53,41,14,47,36,40,30,8,6.65,1.1083333333333334,0.44166666666666665,0.3416666666666667,6,7.833333333333334,8.0,1.3833333333333333,0.11666666666666667,8.0,7.833333333333334,8,6,16.025641025641026
CPL,635223,2013-08-07,2013,Jamaica Tallawahs,Trinidad & Tobago Red Steel,1,0,1,5,146,120,141,120,6,5,51,56,18,44,36,65,30,7,7.299999999999999,1.2166666666666666,0.425,0.4666666666666667,5,7.333333333333334,13.0,1.175,0.15,13.0,7.333333333333334,7,9,51.92307692307693
CPL,635223,2013-08-07,2013,Trinidad & Tobago Red Steel,Jamaica Tallawahs,0,1,1,-5,141,120,146,120,5,6,56,51,14,38,36,58,30,7,7.050000000000001,1.175,0.4666666666666667,0.425,6,6.333333333333334,11.6,1.2166666666666666,0.11666666666666667,11.6,6.333333333333334,7,8,33.97435897435898
CPL,635225,2013-08-09,2013,Trinidad & Tobago Red Steel,Guyana Amazon Warriors,1,0,1,3,159,120,156,120,4,4,46,39,18,43,36,41,30,7,7.949999999999999,1.325,0.38333333333333336,0.325,4,7.166666666666666,8.2,1.3,0.15,8.2,7.166666666666666,7,8,33.97435897435898
CPL,635225,2013-08-09,2013,Guyana Amazon Warriors,Trinidad & Tobago Red Steel,0,1,1,-3,156,120,159,120,4,4,39,46,16,41,36,63,30,7,7.800000000000001,1.3,0.325,0.38333333333333336,4,6.833333333333333,12.600000000000001,1.325,0.13333333333333333,12.600000000000001,6.833333333333333,7,9,87.82051282051282
CPL,635226,2013-08-10,2013,St Lucia Zouks,Jamaica Tallawahs,0,0,0,-4,142,120,146,105,7,4,48,43,15,35,36,44,30,9,7.1,1.1833333333333333,0.4,0.4095238095238095,4,5.833333333333333,8.799999999999999,1.3904761904761904,0.125,8.799999999999999,5.833333333333333,9,6,16.025641025641026
CPL,635226,2013-08-10,2013,Jamaica Tallawahs,St Lucia Zouks,1,1,0,4,146,105,142,120,4,7,43,48,18,37,36,47,15,9,8.342857142857142,1.3904761904761904,0.4095238095238095,0.4,7,6.166666666666666,18.8,1.1833333333333333,0.17142857142857143,18.8,6.166666666666666,9,9,51.92307692307693
CPL,635227,2013-08-11,2013,Guyana Amazon Warriors,Barbados Tridents,1,0,0,27,149,120,122,118,9,10,47,60,15,36,36,44,30,14,7.45,1.2416666666666667,0.39166666666666666,0.5084745762711864,10,6.0,8.799999999999999,1.0338983050847457,0.125,8.799999999999999,6.0,14,9,87.82051282051282
CPL,635227,2013-08-11,2013,Barbados Tridents,Guyana Amazon Warriors,0,1,0,-27,122,118,149,120,10,9,60,47,14,36,36,49,28,14,6.203389830508474,1.0338983050847457,0.5084745762711864,0.39166666666666666,9,6.0,10.5,1.2416666666666667,0.11864406779661017,10.5,6.0,14,7,78.84615384615384
CPL,635228,2013-08-11,2013,Trinidad & Tobago Red Steel,Antigua Hawksbills,1,0,1,37,169,120,132,90,6,8,38,36,18,48,36,55,30,8,8.450000000000001,1.4083333333333334,0.31666666666666665,0.4,8,8.0,11.0,1.4666666666666666,0.15,11.0,8.0,8,8,33.97435897435898
CPL,635228,2013-08-11,2013,Antigua Hawksbills,Trinidad & Tobago Red Steel,0,1,1,-37,132,90,169,120,8,6,36,38,18,50,36,0,0,8,8.799999999999999,1.4666666666666666,0.4,0.31666666666666665,6,8.333333333333332,,1.4083333333333334,0.2,,8.333333333333332,8,7,27.564102564102566
CPL,635229,2013-08-13,2013,Barbados Tridents,Antigua Hawksbills,0,0,0,-1,97,120,98,114,9,5,57,71,8,26,36,30,30,6,4.85,0.8083333333333333,0.475,0.6228070175438597,5,4.333333333333333,6.0,0.8596491228070176,0.06666666666666667,6.0,4.333333333333333,6,7,78.84615384615384
CPL,635229,2013-08-13,2013,Antigua Hawksbills,Barbados Tridents,1,1,0,1,98,114,97,120,5,9,71,57,10,41,36,18,24,6,5.157894736842105,0.8596491228070176,0.6228070175438597,0.475,9,6.833333333333333,4.5,0.8083333333333333,0.08771929824561403,4.5,6.833333333333333,6,7,27.564102564102566
CPL,635230,2013-08-15,2013,Guyana Amazon Warriors,Jamaica Tallawahs,1,0,1,5,139,120,134,120,6,8,48,56,13,36,36,46,30,8,6.950000000000001,1.1583333333333334,0.4,0.4666666666666667,8,6.0,9.200000000000001,1.1166666666666667,0.10833333333333334,9.200000000000001,6.0,8,9,87.82051282051282
CPL,635230,2013-08-15,2013,Jamaica Tallawahs,Guyana Amazon Warriors,0,1,1,-5,134,120,139,120,8,6,56,48,14,33,36,33,30,8,6.7,1.1166666666666667,0.4666666666666667,0.4,6,5.5,6.6000000000000005,1.1583333333333334,0.11666666666666667,6.6000000000000005,5.5,8,9,51.92307692307693
CPL,635231,2013-08-15,2013,St Lucia Zouks,Antigua Hawksbills,1,0,0,103,179,120,76,64,4,3,38,24,20,46,36,60,30,3,8.95,1.4916666666666667,0.31666666666666665,0.375,3,7.666666666666666,12.0,1.1875,0.16666666666666666,12.0,7.666666666666666,3,6,16.025641025641026
CPL,635231,2013-08-15,2013,Antigua Hawksbills,St Lucia Zouks,0,1,0,-103,76,64,179,120,3,4,24,38,9,46,36,0,0,3,7.125,1.1875,0.375,0.31666666666666665,4,7.666666666666666,,1.4916666666666667,0.140625,,7.666666666666666,3,7,27.564102564102566
CPL,635232,2013-08-17,2013,Barbados Tridents,Jamaica Tallawahs,0,0,0,-1,113,119,114,109,4,4,51,54,10,33,36,46,30,1,5.697478991596638,0.9495798319327731,0.42857142857142855,0.4954128440366973,4,5.5,9.200000000000001,1.0458715596330275,0.08403361344537816,9.200000000000001,5.5,1,7,78.84615384615384
CPL,635232,2013-08-17,2013,Jamaica Tallawahs,Barbados Tridents,1,1,0,1,114,109,113,119,4,4,54,51,13,39,36,25,19,1,6.275229357798165,1.0458715596330275,0.4954128440366973,0.42857142857142855,4,6.5,7.894736842105264,0.9495798319327731,0.11926605504587157,7.894736842105264,6.5,1,9,51.92307692307693
CPL,635233,2013-08-17,2013,Antigua Hawksbills,Guyana Amazon Warriors,0,0,0,-4,166,120,170,120,6,6,44,38,17,47,36,55,30,6,8.3,1.3833333333333333,0.36666666666666664,0.31666666666666665,6,7.833333333333334,11.0,1.4166666666666667,0.14166666666666666,11.0,7.833333333333334,6,7,27.564102564102566
CPL,635233,2013-08-17,2013,Guyana Amazon Warriors,Antigua Hawksbills,1,1,0,4,170,120,166,120,6,6,38,44,17,32,36,53,30,6,8.5,1.4166666666666667,0.31666666666666665,0.36666666666666664,6,5.333333333333333,10.6,1.3833333333333333,0.14166666666666666,10.6,5.333333333333333,6,9,87.82051282051282
CPL,635234,2013-08-17,2013,St Lucia Zouks,Trinidad & Tobago Red Steel,0,0,0,-6,99,120,105,107,5,4,58,53,7,34,36,35,30,2,4.949999999999999,0.825,0.48333333333333334,0.4953271028037383,4,5.666666666666666,7.0,0.9813084112149533,0.058333333333333334,7.0,5.666666666666666,2,6,16.025641025641026
CPL,635234,2013-08-17,2013,Trinidad & Tobago Red Steel,St Lucia Zouks,1,1,0,6,105,107,99,120,4,5,53,58,11,41,36,21,17,2,5.88785046728972,0.9813084112149533,0.4953271028037383,0.48333333333333334,5,6.833333333333333,7.411764705882353,0.825,0.102803738317757,7.411764705882353,6.833333333333333,2,8,33.97435897435898
CPL,635235,2013-08-18,2013,Trinidad & Tobago Red Steel,Jamaica Tallawahs,0,0,1,-1,133,120,134,120,8,7,61,59,14,35,36,34,30,7,6.65,1.1083333333333334,0.5083333333333333,0.49166666666666664,7,5.833333333333333,6.8,1.1166666666666667,0.11666666666666667,6.8,5.833333333333333,7,8,33.97435897435898
CPL,635235,2013-08-18,2013,Jamaica Tallawahs,Trinidad & Tobago Red Steel,1,1,1,1,134,120,133,120,7,8,59,61,17,58,36,34,30,7,6.7,1.1166666666666667,0.49166666666666664,0.5083333333333333,8,9.666666666666668,6.8,1.1083333333333334,0.14166666666666666,6.8,9.666666666666668,7,9,51.92307692307693
CPL,635236,2013-08-22,2013,Trinidad & Tobago Red Steel,Guyana Amazon Warriors,0,0,0,-4,103,117,107,98,10,3,46,41,5,26,36,30,27,9,5.282051282051282,0.8803418803418803,0.39316239316239315,0.41836734693877553,3,4.333333333333333,6.666666666666667,1.0918367346938775,0.042735042735042736,6.666666666666667,4.333333333333333,9,8,33.97435897435898
CPL,635236,2013-08-22,2013,Guyana Amazon Warriors,Trinidad & Tobago Red Steel,1,1,0,4,107,98,103,117,3,10,41,46,10,47,36,10,8,9,6.551020408163265,1.0918367346938775,0.41836734693877553,0.39316239316239315,10,7.833333333333334,7.5,0.8803418803418803,0.10204081632653061,7.5,7.833333333333334,9,9,87.82051282051282
CPL,635237,2013-08-23,2013,Barbados Tridents,Jamaica Tallawahs,0,0,0,-4,148,120,152,111,6,3,44,44,13,32,36,58,30,5,7.4,1.2333333333333334,0.36666666666666664,0.3963963963963964,3,5.333333333333333,11.6,1.3693693693693694,0.10833333333333334,11.6,5.333333333333333,5,7,78.84615384615384
CPL,635237,2013-08-23,2013,Jamaica Tallawahs,Barbados Tridents,1,1,0,4,152,111,148,120,3,6,44,44,19,44,36,46,21,5,8.216216216216216,1.3693693693693694,0.3963963963963964,0.36666666666666664,6,7.333333333333334,13.142857142857144,1.2333333333333334,0.17117117117117117,13.142857142857144,7.333333333333334,5,9,51.92307692307693
CPL,635238,2013-08-24,2013,Guyana Amazon Warriors,Jamaica Tallawahs,0,0,0,-1,128,120,129,105,5,3,54,44,14,27,36,49,30,3,6.4,1.0666666666666667,0.45,0.41904761904761906,3,4.5,9.8,1.2285714285714286,0.11666666666666667,9.8,4.5,3,9,87.82051282051282
CPL,635238,2013-08-24,2013,Jamaica Tallawahs,Guyana Amazon Warriors,1,1,0,1,129,105,128,120,3,5,44,54,14,38,36,35,15,3,7.371428571428572,1.2285714285714286,0.41904761904761906,0.45,5,6.333333333333334,14.0,1.0666666666666667,0.13333333333333333,14.0,6.333333333333334,3,9,51.92307692307693
CPL,743137,2014-07-11,2014,Antigua Hawksbills,Guyana Amazon Warriors,0,0,1,-4,136,120,140,117,8,8,60,45,18,43,36,33,30,11,6.8,1.1333333333333333,0.5,0.38461538461538464,8,7.166666666666666,6.6000000000000005,1.1965811965811965,0.15,6.6000000000000005,7.166666666666666,11,8,9.615384615384617
CPL,743137,2014-07-11,2014,Guyana Amazon Warriors,Antigua Hawksbills,1,1,1,4,140,117,136,120,8,8,45,60,16,38,36,31,27,11,7.179487179487179,1.1965811965811965,0.38461538461538464,0.5,8,6.333333333333334,6.888888888888889,1.1333333333333333,0.13675213675213677,6.888888888888889,6.333333333333334,11,10,59.61538461538461
CPL,743139,2014-07-12,2014,Barbados Tridents,Trinidad & Tobago Red Steel,0,0,0,-1,124,120,125,105,6,3,58,38,12,40,36,40,30,6,6.200000000000001,1.0333333333333334,0.48333333333333334,0.3619047619047619,3,6.666666666666667,8.0,1.1904761904761905,0.1,8.0,6.666666666666667,6,9,92.94871794871796
CPL,743139,2014-07-12,2014,Trinidad & Tobago Red Steel,Barbados Tridents,1,1,0,1,125,105,124,120,3,6,38,58,13,32,36,26,15,6,7.142857142857142,1.1904761904761905,0.3619047619047619,0.48333333333333334,6,5.333333333333333,10.4,1.0333333333333334,0.12380952380952381,10.4,5.333333333333333,6,9,95.51282051282051
CPL,743143,2014-07-17,2014,Antigua Hawksbills,Jamaica Tallawahs,0,0,0,-1,96,111,97,87,10,2,57,43,11,29,36,24,21,3,5.1891891891891895,0.8648648648648649,0.5135135135135135,0.4942528735632184,2,4.833333333333334,6.857142857142857,1.1149425287356323,0.0990990990990991,6.857142857142857,4.833333333333334,3,8,9.615384615384617
CPL,743143,2014-07-17,2014,Jamaica Tallawahs,Antigua Hawksbills,1,1,0,1,97,87,96,111,2,10,43,57,12,47,36,0,0,3,6.689655172413794,1.1149425287356323,0.4942528735632184,0.5135135135135135,10,7.833333333333334,,0.8648648648648649,0.13793103448275862,,7.833333333333334,3,10,23.717948717948715
CPL,743147,2014-07-19,2014,Antigua Hawksbills,Barbados Tridents,0,0,0,-1,172,120,173,116,6,5,42,31,20,36,36,46,30,7,8.6,1.4333333333333333,0.35,0.2672413793103448,5,6.0,9.200000000000001,1.4913793103448276,0.16666666666666666,9.200000000000001,6.0,7,8,9.615384615384617
CPL,743147,2014-07-19,2014,Barbados Tridents,Antigua Hawksbills,1,1,0,1,173,116,172,120,5,6,31,42,20,60,36,48,26,7,8.948275862068966,1.4913793103448276,0.2672413793103448,0.35,6,10.0,11.076923076923077,1.4333333333333333,0.1724137931034483,11.076923076923077,10.0,7,9,92.94871794871796
CPL,743149,2014-07-19,2014,St Lucia Zouks,Guyana Amazon Warriors,0,0,0,-1,117,116,118,96,10,1,55,43,11,33,36,38,26,4,6.051724137931034,1.0086206896551724,0.47413793103448276,0.4479166666666667,1,5.5,8.769230769230768,1.2291666666666667,0.09482758620689655,8.769230769230768,5.5,4,8,3.205128205128205
CPL,743149,2014-07-19,2014,Guyana Amazon Warriors,St Lucia Zouks,1,1,0,1,118,96,117,116,1,10,43,55,11,53,36,13,6,4,7.375,1.2291666666666667,0.4479166666666667,0.47413793103448276,10,8.833333333333334,13.0,1.0086206896551724,0.11458333333333333,13.0,8.833333333333334,4,10,59.61538461538461
CPL,743151,2014-07-20,2014,Antigua Hawksbills,Trinidad & Tobago Red Steel,0,0,0,-1,151,120,152,103,8,1,46,29,17,47,36,54,30,7,7.55,1.2583333333333333,0.38333333333333336,0.2815533980582524,1,7.833333333333334,10.8,1.4757281553398058,0.14166666666666666,10.8,7.833333333333334,7,8,9.615384615384617
CPL,743151,2014-07-20,2014,Trinidad & Tobago Red Steel,Antigua Hawksbills,1,1,0,1,152,103,151,120,1,8,29,46,16,40,36,20,13,7,8.854368932038835,1.4757281553398058,0.2815533980582524,0.38333333333333336,8,6.666666666666667,9.230769230769232,1.2583333333333333,0.1553398058252427,9.230769230769232,6.666666666666667,7,9,95.51282051282051
CPL,743153,2014-07-20,2014,Jamaica Tallawahs,Guyana Amazon Warriors,1,0,1,4,148,120,144,120,6,3,43,36,13,46,36,46,30,4,7.4,1.2333333333333334,0.35833333333333334,0.3,3,7.666666666666666,9.200000000000001,1.2,0.10833333333333334,9.200000000000001,7.666666666666666,4,10,23.717948717948715
CPL,743153,2014-07-20,2014,Guyana Amazon Warriors,Jamaica Tallawahs,0,1,1,-4,144,120,148,120,3,6,36,43,12,42,36,43,30,4,7.199999999999999,1.2,0.3,0.35833333333333334,6,7.0,8.6,1.2333333333333334,0.1,8.6,7.0,4,10,59.61538461538461
CPL,743155,2014-07-23,2014,Barbados Tridents,St Lucia Zouks,1,0,0,29,186,120,157,120,2,4,32,43,20,47,36,58,30,4,9.3,1.55,0.26666666666666666,0.35833333333333334,4,7.833333333333334,11.6,1.3083333333333333,0.16666666666666666,11.6,7.833333333333334,4,9,92.94871794871796
CPL,743155,2014-07-23,2014,St Lucia Zouks,Barbados Tridents,0,1,0,-29,157,120,186,120,4,2,43,32,18,40,36,57,30,4,7.85,1.3083333333333333,0.35833333333333334,0.26666666666666666,2,6.666666666666667,11.399999999999999,1.55,0.15,11.399999999999999,6.666666666666667,4,8,3.205128205128205
CPL,743157,2014-07-24,2014,Guyana Amazon Warriors,Trinidad & Tobago Red Steel,0,0,0,-1,179,120,180,120,5,6,40,47,22,27,36,77,30,8,8.95,1.4916666666666667,0.3333333333333333,0.39166666666666666,6,4.5,15.400000000000002,1.5,0.18333333333333332,15.400000000000002,4.5,8,10,59.61538461538461
CPL,743157,2014-07-24,2014,Trinidad & Tobago Red Steel,Guyana Amazon Warriors,1,1,0,1,180,120,179,120,6,5,47,40,22,21,36,51,30,8,9.0,1.5,0.39166666666666666,0.3333333333333333,5,3.5,10.2,1.4916666666666667,0.18333333333333332,10.2,3.5,8,9,95.51282051282051
CPL,743161,2014-07-26,2014,Trinidad & Tobago Red Steel,Jamaica Tallawahs,1,0,0,13,183,120,170,120,5,6,47,52,22,46,36,48,30,6,9.149999999999999,1.525,0.39166666666666666,0.43333333333333335,6,7.666666666666666,9.600000000000001,1.4166666666666667,0.18333333333333332,9.600000000000001,7.666666666666666,6,9,95.51282051282051
CPL,743161,2014-07-26,2014,Jamaica Tallawahs,Trinidad & Tobago Red Steel,0,1,0,-13,170,120,183,120,6,5,52,47,21,39,36,49,30,6,8.5,1.4166666666666667,0.43333333333333335,0.39166666666666666,5,6.5,9.8,1.525,0.175,9.8,6.5,6,10,23.717948717948715
CPL,743163,2014-07-26,2014,Guyana Amazon Warriors,Barbados Tridents,1,0,1,7,173,120,166,120,5,4,36,39,20,40,36,57,30,6,8.65,1.4416666666666667,0.3,0.325,4,6.666666666666667,11.399999999999999,1.3833333333333333,0.16666666666666666,11.399999999999999,6.666666666666667,6,10,59.61538461538461
CPL,743163,2014-07-26,2014,Barbados Tridents,Guyana Amazon Warriors,0,1,1,-7,166,120,173,120,4,5,39,36,19,50,36,35,30,6,8.3,1.3833333333333333,0.325,0.3,5,8.333333333333332,7.0,1.4416666666666667,0.15833333333333333,7.0,8.333333333333332,6,9,92.94871794871796
CPL,743165,2014-07-27,2014,St Lucia Zouks,Trinidad & Tobago Red Steel,0,0,0,-1,136,120,137,88,9,1,51,34,14,33,36,41,30,5,6.8,1.1333333333333333,0.425,0.38636363636363635,1,5.5,8.2,1.5568181818181819,0.11666666666666667,8.2,5.5,5,8,3.205128205128205
CPL,743165,2014-07-27,2014,Trinidad & Tobago Red Steel,St Lucia Zouks,1,1,0,1,137,88,136,120,1,9,34,51,20,62,36,0,0,5,9.340909090909092,1.5568181818181819,0.38636363636363635,0.425,9,10.333333333333334,,1.1333333333333333,0.22727272727272727,,10.333333333333334,5,9,95.51282051282051
CPL,743167,2014-07-31,2014,Antigua Hawksbills,Jamaica Tallawahs,0,0,0,-2,89,102,91,84,9,3,48,46,7,34,36,20,12,5,5.235294117647059,0.8725490196078431,0.47058823529411764,0.5476190476190477,3,5.666666666666666,10.0,1.0833333333333333,0.06862745098039216,10.0,5.666666666666666,5,8,9.615384615384617
CPL,743167,2014-07-31,2014,Jamaica Tallawahs,Antigua Hawksbills,1,1,0,2,91,84,89,102,3,9,46,48,11,34,36,0,0,5,6.5,1.0833333333333333,0.5476190476190477,0.47058823529411764,9,5.666666666666666,,0.8725490196078431,0.13095238095238096,,5.666666666666666,5,10,23.717948717948715
CPL,743169,2014-07-31,2014,St Lucia Zouks,Barbados Tridents,0,0,1,-1,167,120,168,118,7,7,53,39,21,35,36,67,30,7,8.35,1.3916666666666666,0.44166666666666665,0.3305084745762712,7,5.833333333333333,13.4,1.423728813559322,0.175,13.4,5.833333333333333,7,8,3.205128205128205
CPL,743169,2014-07-31,2014,Barbados Tridents,St Lucia Zouks,1,1,1,1,168,118,167,120,7,7,39,53,18,66,36,49,28,7,8.542372881355933,1.423728813559322,0.3305084745762712,0.44166666666666665,7,11.0,10.5,1.3916666666666666,0.15254237288135594,10.5,11.0,7,9,92.94871794871796
CPL,743171,2014-08-02,2014,Guyana Amazon Warriors,Jamaica Tallawahs,0,0,0,-1,137,120,138,120,9,4,49,53,14,38,36,47,30,7,6.85,1.1416666666666666,0.4083333333333333,0.44166666666666665,4,6.333333333333334,9.4,1.15,0.11666666666666667,9.4,6.333333333333334,7,10,59.61538461538461
CPL,743171,2014-08-02,2014,Jamaica Tallawahs,Guyana Amazon Warriors,1,1,0,1,138,120,137,120,4,9,53,49,14,33,36,59,30,7,6.8999999999999995,1.15,0.44166666666666665,0.4083333333333333,9,5.5,11.799999999999999,1.1416666666666666,0.11666666666666667,11.799999999999999,5.5,7,10,23.717948717948715
CPL,743173,2014-08-02,2014,St Lucia Zouks,Trinidad & Tobago Red Steel,0,0,0,-2,117,119,119,89,10,2,60,37,14,21,36,35,29,9,5.899159663865546,0.9831932773109243,0.5042016806722689,0.4157303370786517,2,3.5,7.241379310344827,1.3370786516853932,0.11764705882352941,7.241379310344827,3.5,9,8,3.205128205128205
CPL,743173,2014-08-02,2014,Trinidad & Tobago Red Steel,St Lucia Zouks,1,1,0,2,119,89,117,119,2,10,37,60,13,51,36,0,0,9,8.022471910112358,1.3370786516853932,0.4157303370786517,0.5042016806722689,10,8.5,,0.9831932773109243,0.14606741573033707,,8.5,9,9,95.51282051282051
CPL,743175,2014-08-03,2014,Jamaica Tallawahs,Barbados Tridents,1,0,0,19,147,120,128,120,8,6,55,52,18,37,36,40,30,10,7.3500000000000005,1.225,0.4583333333333333,0.43333333333333335,6,6.166666666666666,8.0,1.0666666666666667,0.15,8.0,6.166666666666666,10,10,23.717948717948715
CPL,743175,2014-08-03,2014,Barbados Tridents,Jamaica Tallawahs,0,1,0,-19,128,120,147,120,6,8,52,55,14,26,36,49,30,10,6.4,1.0666666666666667,0.43333333333333335,0.4583333333333333,8,4.333333333333333,9.8,1.225,0.11666666666666667,9.8,4.333333333333333,10,9,92.94871794871796
CPL,743177,2014-08-03,2014,Antigua Hawksbills,St Lucia Zouks,0,0,0,-5,103,96,108,81,6,5,39,36,8,22,36,10,6,6,6.4375,1.0729166666666667,0.40625,0.4444444444444444,5,3.666666666666667,10.0,1.3333333333333333,0.08333333333333333,10.0,3.666666666666667,6,8,9.615384615384617
CPL,743177,2014-08-03,2014,St Lucia Zouks,Antigua Hawksbills,1,1,0,5,108,81,103,96,5,6,36,39,11,44,36,0,0,6,8.0,1.3333333333333333,0.4444444444444444,0.40625,6,7.333333333333334,,1.0729166666666667,0.13580246913580246,,7.333333333333334,6,8,3.205128205128205
CPL,743179,2014-08-07,2014,Guyana Amazon Warriors,Antigua Hawksbills,1,0,0,19,212,120,193,120,5,3,40,45,27,52,36,55,30,6,10.6,1.7666666666666666,0.3333333333333333,0.375,3,8.666666666666666,11.0,1.6083333333333334,0.225,11.0,8.666666666666666,6,10,59.61538461538461
CPL,743179,2014-08-07,2014,Antigua Hawksbills,Guyana Amazon Warriors,0,1,0,-19,193,120,212,120,3,5,45,40,28,33,36,66,30,6,9.65,1.6083333333333334,0.375,0.3333333333333333,5,5.5,13.200000000000001,1.7666666666666666,0.23333333333333334,13.200000000000001,5.5,6,8,9.615384615384617
CPL,743181,2014-08-07,2014,Barbados Tridents,Trinidad & Tobago Red Steel,1,0,0,69,174,120,105,101,5,10,40,50,22,44,36,70,30,12,8.7,1.45,0.3333333333333333,0.49504950495049505,10,7.333333333333334,14.0,1.0396039603960396,0.18333333333333332,14.0,7.333333333333334,12,9,92.94871794871796
CPL,743181,2014-08-07,2014,Trinidad & Tobago Red Steel,Barbados Tridents,0,1,0,-69,105,101,174,120,10,5,50,40,10,44,36,5,11,12,6.237623762376238,1.0396039603960396,0.49504950495049505,0.3333333333333333,5,7.333333333333334,2.727272727272727,1.45,0.09900990099009901,2.727272727272727,7.333333333333334,12,9,95.51282051282051
CPL,743183,2014-08-09,2014,Jamaica Tallawahs,St Lucia Zouks,0,0,0,-1,143,115,144,105,10,3,61,36,20,32,36,34,25,8,7.460869565217391,1.2434782608695651,0.5304347826086957,0.34285714285714286,3,5.333333333333333,8.16,1.3714285714285714,0.17391304347826086,8.16,5.333333333333333,8,10,23.717948717948715
CPL,743183,2014-08-09,2014,St Lucia Zouks,Jamaica Tallawahs,1,1,0,1,144,105,143,115,3,10,36,61,17,38,36,34,15,8,8.228571428571428,1.3714285714285714,0.34285714285714286,0.5304347826086957,10,6.333333333333334,13.6,1.2434782608695651,0.1619047619047619,13.6,6.333333333333334,8,8,3.205128205128205
CPL,743185,2014-08-09,2014,Trinidad & Tobago Red Steel,Antigua Hawksbills,0,0,0,-1,113,105,114,111,10,5,51,59,9,38,36,16,15,9,6.457142857142857,1.0761904761904761,0.4857142857142857,0.5315315315315315,5,6.333333333333334,6.4,1.027027027027027,0.08571428571428572,6.4,6.333333333333334,9,9,95.51282051282051
CPL,743185,2014-08-09,2014,Antigua Hawksbills,Trinidad & Tobago Red Steel,1,1,0,1,114,111,113,105,5,10,59,51,15,30,36,40,21,9,6.162162162162161,1.027027027027027,0.5315315315315315,0.4857142857142857,10,5.0,11.428571428571427,1.0761904761904761,0.13513513513513514,11.428571428571427,5.0,9,8,9.615384615384617
CPL,743187,2014-08-10,2014,St Lucia Zouks,Guyana Amazon Warriors,0,0,0,-5,189,120,194,114,7,2,39,33,22,63,36,52,30,6,9.45,1.575,0.325,0.2894736842105263,2,10.5,10.4,1.7017543859649122,0.18333333333333332,10.4,10.5,6,8,3.205128205128205
CPL,743187,2014-08-10,2014,Guyana Amazon Warriors,St Lucia Zouks,1,1,0,5,194,114,189,120,2,7,33,39,24,67,36,50,24,6,10.210526315789473,1.7017543859649122,0.2894736842105263,0.325,7,11.166666666666668,12.5,1.575,0.21052631578947367,12.5,11.166666666666668,6,10,59.61538461538461
CPL,743189,2014-08-10,2014,Barbados Tridents,Jamaica Tallawahs,1,0,0,88,175,120,87,93,8,10,44,47,22,40,36,64,30,10,8.75,1.4583333333333333,0.36666666666666664,0.5053763440860215,10,6.666666666666667,12.8,0.9354838709677419,0.18333333333333332,12.8,6.666666666666667,10,9,92.94871794871796
CPL,743189,2014-08-10,2014,Jamaica Tallawahs,Barbados Tridents,0,1,0,-88,87,93,175,120,10,8,47,44,8,38,36,1,3,10,5.612903225806451,0.9354838709677419,0.5053763440860215,0.36666666666666664,8,6.333333333333334,2.0,1.4583333333333333,0.08602150537634409,2.0,6.333333333333334,10,10,23.717948717948715
CPL,743191,2014-08-13,2014,Trinidad & Tobago Red Steel,Jamaica Tallawahs,0,0,0,-3,155,120,158,118,6,6,47,46,16,37,36,58,30,8,7.75,1.2916666666666667,0.39166666666666666,0.3898305084745763,6,6.166666666666666,11.6,1.3389830508474576,0.13333333333333333,11.6,6.166666666666666,8,9,95.51282051282051
CPL,743191,2014-08-13,2014,Jamaica Tallawahs,Trinidad & Tobago Red Steel,1,1,0,3,158,118,155,120,6,6,46,47,14,32,36,62,28,8,8.033898305084746,1.3389830508474576,0.3898305084745763,0.39166666666666666,6,5.333333333333333,13.285714285714286,1.2916666666666667,0.11864406779661017,13.285714285714286,5.333333333333333,8,10,23.717948717948715
CPL,743193,2014-08-14,2014,Jamaica Tallawahs,Guyana Amazon Warriors,0,0,0,-4,134,120,138,89,6,0,53,25,15,29,36,53,30,4,6.7,1.1166666666666667,0.44166666666666665,0.2808988764044944,0,4.833333333333334,10.6,1.550561797752809,0.125,10.6,4.833333333333334,4,10,23.717948717948715
CPL,743193,2014-08-14,2014,Guyana Amazon Warriors,Jamaica Tallawahs,1,1,0,4,138,89,134,120,0,6,25,53,18,50,36,0,0,4,9.303370786516854,1.550561797752809,0.2808988764044944,0.44166666666666665,6,8.333333333333332,,1.1166666666666667,0.20224719101123595,,8.333333333333332,4,10,59.61538461538461
CPL,743195,2014-08-16,2014,Barbados Tridents,Guyana Amazon Warriors,1,0,1,45,152,120,107,95,6,4,50,38,17,48,36,47,30,5,7.6,1.2666666666666666,0.4166666666666667,0.4,4,8.0,9.4,1.1263157894736842,0.14166666666666666,9.4,8.0,5,9,92.94871794871796
CPL,743195,2014-08-16,2014,Guyana Amazon Warriors,Barbados Tridents,0,1,1,-45,107,95,152,120,4,6,38,50,9,34,36,10,5,5,6.757894736842105,1.1263157894736842,0.4,0.4166666666666667,6,5.666666666666666,12.0,1.2666666666666666,0.09473684210526316,12.0,5.666666666666666,5,10,59.61538461538461
CPL,857703,2015-06-20,2015,Barbados Tridents,Guyana Amazon Warriors,1,0,0,49,158,120,109,108,6,10,47,49,17,30,36,56,30,8,7.9,1.3166666666666667,0.39166666666666666,0.4537037037037037,10,5.0,11.2,1.0092592592592593,0.14166666666666666,11.2,5.0,8,11,50.641025641025635
CPL,857703,2015-06-20,2015,Guyana Amazon Warriors,Barbados Tridents,0,1,0,-49,109,108,158,120,10,6,49,47,8,29,36,24,18,8,6.055555555555555,1.0092592592592593,0.4537037037037037,0.39166666666666666,6,4.833333333333334,8.0,1.3166666666666667,0.07407407407407407,8.0,4.833333333333334,8,10,63.46153846153846
CPL,857707,2015-06-23,2015,Barbados Tridents,Jamaica Tallawahs,1,0,0,16,161,120,145,120,4,9,40,48,17,48,36,54,30,11,8.049999999999999,1.3416666666666666,0.3333333333333333,0.4,9,8.0,10.8,1.2083333333333333,0.14166666666666666,10.8,8.0,11,11,50.641025641025635
CPL,857707,2015-06-23,2015,Jamaica Tallawahs,Barbados Tridents,0,1,0,-16,145,120,161,120,9,4,48,40,16,38,36,36,30,11,7.25,1.2083333333333333,0.4,0.3333333333333333,4,6.333333333333334,7.199999999999999,1.3416666666666666,0.13333333333333333,7.199999999999999,6.333333333333334,11,10,14.743589743589745
CPL,857709,2015-06-24,2015,St Kitts and Nevis Patriots,St Lucia Zouks,0,0,0,-1,149,120,150,94,6,3,55,30,16,35,36,46,30,6,7.45,1.2416666666666667,0.4583333333333333,0.3191489361702128,3,5.833333333333333,9.200000000000001,1.5957446808510638,0.13333333333333333,9.200000000000001,5.833333333333333,6,10,76.28205128205127
CPL,857709,2015-06-24,2015,St Lucia Zouks,St Kitts and Nevis Patriots,1,1,0,1,150,94,149,120,3,6,30,55,19,61,36,4,4,6,9.574468085106382,1.5957446808510638,0.3191489361702128,0.4583333333333333,6,10.166666666666666,6.0,1.2416666666666667,0.20212765957446807,6.0,10.166666666666666,6,9,17.307692307692307
CPL,857711,2015-06-25,2015,Trinidad & Tobago Red Steel,Barbados Tridents,0,0,0,-3,95,120,98,79,9,2,67,36,9,26,36,25,30,9,4.75,0.7916666666666666,0.5583333333333333,0.45569620253164556,2,4.333333333333333,5.0,1.240506329113924,0.075,5.0,4.333333333333333,9,12,82.6923076923077
CPL,857711,2015-06-25,2015,Barbados Tridents,Trinidad & Tobago Red Steel,1,1,0,3,98,79,95,120,2,9,36,67,15,51,36,0,0,9,7.443037974683544,1.240506329113924,0.45569620253164556,0.5583333333333333,9,8.5,,0.7916666666666666,0.189873417721519,,8.5,9,11,50.641025641025635
CPL,857713,2015-06-26,2015,St Lucia Zouks,Guyana Amazon Warriors,1,0,1,2,156,108,154,108,6,5,33,43,15,69,36,20,18,6,8.666666666666666,1.4444444444444444,0.3055555555555556,0.39814814814814814,5,11.5,6.666666666666667,1.4259259259259258,0.1388888888888889,6.666666666666667,11.5,6,9,17.307692307692307
CPL,857713,2015-06-26,2015,Guyana Amazon Warriors,St Lucia Zouks,0,1,1,-2,154,108,156,108,5,6,43,33,21,43,36,35,18,6,8.555555555555555,1.4259259259259258,0.39814814814814814,0.3055555555555556,6,7.166666666666666,11.666666666666666,1.4444444444444444,0.19444444444444445,11.666666666666666,7.166666666666666,6,10,63.46153846153846
CPL,857715,2015-06-27,2015,St Kitts and Nevis Patriots,Barbados Tridents,1,0,1,1,143,120,142,120,8,7,51,50,15,41,36,54,30,11,7.15,1.1916666666666667,0.425,0.4166666666666667,7,6.833333333333333,10.8,1.1833333333333333,0.125,10.8,6.833333333333333,11,10,76.28205128205127
CPL,857715,2015-06-27,2015,Barbados Tridents,St Kitts and Nevis Patriots,0,1,1,-1,142,120,143,120,7,8,50,51,16,15,36,61,30,11,7.1,1.1833333333333333,0.4166666666666667,0.425,8,2.5,12.2,1.1916666666666667,0.13333333333333333,12.2,2.5,11,11,50.641025641025635
CPL,857717,2015-06-28,2015,St Lucia Zouks,Jamaica Tallawahs,0,0,0,-3,118,120,121,60,9,0,50,22,11,39,36,24,30,4,5.8999999999999995,0.9833333333333333,0.4166666666666667,0.36666666666666664,0,6.5,4.800000000000001,2.0166666666666666,0.09166666666666666,4.800000000000001,6.5,4,9,17.307692307692307
CPL,857717,2015-06-28,2015,Jamaica Tallawahs,St Lucia Zouks,1,1,0,3,121,60,118,120,0,9,22,50,18,77,36,0,0,4,12.1,2.0166666666666666,0.36666666666666664,0.4166666666666667,9,12.833333333333332,,0.9833333333333333,0.3,,12.833333333333332,4,10,14.743589743589745
CPL,857719,2015-06-30,2015,St Kitts and Nevis Patriots,Jamaica Tallawahs,0,0,0,-4,160,120,164,115,5,3,36,36,17,49,36,46,30,6,8.0,1.3333333333333333,0.3,0.3130434782608696,3,8.166666666666668,9.200000000000001,1.4260869565217391,0.14166666666666666,9.200000000000001,8.166666666666668,6,10,76.28205128205127
CPL,857719,2015-06-30,2015,Jamaica Tallawahs,St Kitts and Nevis Patriots,1,1,0,4,164,115,160,120,3,5,36,36,20,49,36,48,25,6,8.556521739130435,1.4260869565217391,0.3130434782608696,0.3,5,8.166666666666668,11.52,1.3333333333333333,0.17391304347826086,11.52,8.166666666666668,6,10,14.743589743589745
CPL,857721,2015-07-01,2015,Barbados Tridents,St Lucia Zouks,1,0,0,15,148,120,133,120,8,9,46,48,15,29,36,48,30,10,7.4,1.2333333333333334,0.38333333333333336,0.4,9,4.833333333333334,9.600000000000001,1.1083333333333334,0.125,9.600000000000001,4.833333333333334,10,11,50.641025641025635
CPL,857721,2015-07-01,2015,St Lucia Zouks,Barbados Tridents,0,1,0,-15,133,120,148,120,9,8,48,46,13,47,36,42,30,10,6.65,1.1083333333333334,0.4,0.38333333333333336,8,7.833333333333334,8.399999999999999,1.2333333333333334,0.10833333333333334,8.399999999999999,7.833333333333334,10,9,17.307692307692307
CPL,857723,2015-07-03,2015,St Kitts and Nevis Patriots,Guyana Amazon Warriors,0,0,0,-1,149,120,150,96,9,3,47,42,16,41,36,46,30,10,7.45,1.2416666666666667,0.39166666666666666,0.4375,3,6.833333333333333,9.200000000000001,1.5625,0.13333333333333333,9.200000000000001,6.833333333333333,10,10,76.28205128205127
CPL,857723,2015-07-03,2015,Guyana Amazon Warriors,St Kitts and Nevis Patriots,1,1,0,1,150,96,149,120,3,9,42,47,18,47,36,7,6,10,9.375,1.5625,0.4375,0.39166666666666666,9,7.833333333333334,7.0,1.2416666666666667,0.1875,7.0,7.833333333333334,10,10,63.46153846153846
CPL,857725,2015-07-03,2015,St Lucia Zouks,Barbados Tridents,1,0,0,30,202,120,172,120,5,7,30,38,23,52,36,47,30,6,10.1,1.6833333333333333,0.25,0.31666666666666665,7,8.666666666666666,9.4,1.4333333333333333,0.19166666666666668,9.4,8.666666666666666,6,9,17.307692307692307
CPL,857725,2015-07-03,2015,Barbados Tridents,St Lucia Zouks,0,1,0,-30,172,120,202,120,7,5,38,30,19,47,36,61,30,6,8.6,1.4333333333333333,0.31666666666666665,0.25,5,7.833333333333334,12.2,1.6833333333333333,0.15833333333333333,12.2,7.833333333333334,6,11,50.641025641025635
CPL,857727,2015-07-04,2015,St Kitts and Nevis Patriots,Jamaica Tallawahs,1,0,0,119,199,120,80,96,5,10,33,56,23,57,36,55,30,7,9.950000000000001,1.6583333333333334,0.275,0.5833333333333334,10,9.5,11.0,0.8333333333333334,0.19166666666666668,11.0,9.5,7,10,76.28205128205127
CPL,857727,2015-07-04,2015,Jamaica Tallawahs,St Kitts and Nevis Patriots,0,1,0,-119,80,96,199,120,10,5,56,33,10,37,36,2,6,7,5.0,0.8333333333333334,0.5833333333333334,0.275,5,6.166666666666666,2.0,1.6583333333333334,0.10416666666666667,2.0,6.166666666666666,7,10,14.743589743589745
CPL,857729,2015-07-04,2015,Guyana Amazon Warriors,Trinidad & Tobago Red Steel,0,0,1,-6,118,118,124,119,10,7,55,53,13,28,36,19,28,9,6.0,1.0,0.4661016949152542,0.44537815126050423,7,4.666666666666667,4.071428571428571,1.0420168067226891,0.11016949152542373,4.071428571428571,4.666666666666667,9,10,63.46153846153846
CPL,857729,2015-07-04,2015,Trinidad & Tobago Red Steel,Guyana Amazon Warriors,1,1,1,6,124,119,118,118,7,10,53,55,15,39,36,25,29,9,6.252100840336135,1.0420168067226891,0.44537815126050423,0.4661016949152542,10,6.5,5.172413793103448,1.0,0.12605042016806722,5.172413793103448,6.5,9,12,82.6923076923077
CPL,857731,2015-07-06,2015,Barbados Tridents,St Kitts and Nevis Patriots,0,0,0,-4,135,120,139,103,8,2,57,36,14,46,36,58,30,5,6.75,1.125,0.475,0.34951456310679613,2,7.666666666666666,11.6,1.3495145631067962,0.11666666666666667,11.6,7.666666666666666,5,11,50.641025641025635
CPL,857731,2015-07-06,2015,St Kitts and Nevis Patriots,Barbados Tridents,1,1,0,4,139,103,135,120,2,8,36,57,17,65,36,28,13,5,8.097087378640778,1.3495145631067962,0.34951456310679613,0.475,8,10.833333333333334,12.923076923076923,1.125,0.1650485436893204,12.923076923076923,10.833333333333334,5,10,76.28205128205127
CPL,857733,2015-07-07,2015,St Lucia Zouks,Jamaica Tallawahs,0,0,0,-1,158,120,159,96,5,1,38,35,15,30,36,59,30,4,7.9,1.3166666666666667,0.31666666666666665,0.3645833333333333,1,5.0,11.799999999999999,1.65625,0.125,11.799999999999999,5.0,4,9,17.307692307692307
CPL,857733,2015-07-07,2015,Jamaica Tallawahs,St Lucia Zouks,1,1,0,1,159,96,158,120,1,5,35,38,21,54,36,29,6,4,9.9375,1.65625,0.3645833333333333,0.31666666666666665,5,9.0,29.0,1.3166666666666667,0.21875,29.0,9.0,4,10,14.743589743589745
CPL,857735,2015-07-08,2015,St Kitts and Nevis Patriots,Guyana Amazon Warriors,0,0,0,12,158,120,146,100,6,2,51,32,19,36,36,51,30,6,7.9,1.3166666666666667,0.425,0.32,2,6.0,10.2,1.46,0.15833333333333333,10.2,6.0,6,10,76.28205128205127
CPL,857735,2015-07-08,2015,Guyana Amazon Warriors,St Kitts and Nevis Patriots,1,1,0,-12,146,100,158,120,2,6,32,51,17,47,36,14,10,6,8.76,1.46,0.32,0.425,6,7.833333333333334,8.399999999999999,1.3166666666666667,0.17,8.399999999999999,7.833333333333334,6,10,63.46153846153846
CPL,857737,2015-07-09,2015,Jamaica Tallawahs,Trinidad & Tobago Red Steel,1,0,0,50,180,120,130,120,6,9,43,56,24,62,36,59,30,11,9.0,1.5,0.35833333333333334,0.4666666666666667,9,10.333333333333334,11.799999999999999,1.0833333333333333,0.2,11.799999999999999,10.333333333333334,11,10,14.743589743589745
CPL,857737,2015-07-09,2015,Trinidad & Tobago Red Steel,Jamaica Tallawahs,0,1,0,-50,130,120,180,120,9,6,56,43,16,41,36,38,30,11,6.5,1.0833333333333333,0.4666666666666667,0.35833333333333334,6,6.833333333333333,7.6,1.5,0.13333333333333333,7.6,6.833333333333333,11,12,82.6923076923077
CPL,857739,2015-07-10,2015,St Kitts and Nevis Patriots,St Lucia Zouks,1,0,0,26,170,120,144,120,8,9,49,45,23,55,36,40,30,11,8.5,1.4166666666666667,0.4083333333333333,0.375,9,9.166666666666666,8.0,1.2,0.19166666666666668,8.0,9.166666666666666,11,10,76.28205128205127
CPL,857739,2015-07-10,2015,St Lucia Zouks,St Kitts and Nevis Patriots,0,1,0,-26,144,120,170,120,9,8,45,49,12,62,36,31,30,11,7.199999999999999,1.2,0.375,0.4083333333333333,8,10.333333333333334,6.200000000000001,1.4166666666666667,0.1,6.200000000000001,10.333333333333334,11,9,17.307692307692307
CPL,857741,2015-07-11,2015,St Kitts and Nevis Patriots,Trinidad & Tobago Red Steel,0,0,0,-2,146,120,148,113,10,4,49,46,16,33,36,47,30,11,7.299999999999999,1.2166666666666666,0.4083333333333333,0.40707964601769914,4,5.5,9.4,1.3097345132743363,0.13333333333333333,9.4,5.5,11,10,76.28205128205127
CPL,857741,2015-07-11,2015,Trinidad & Tobago Red Steel,St Kitts and Nevis Patriots,1,1,0,2,148,113,146,120,4,10,46,49,18,46,36,26,23,11,7.8584070796460175,1.3097345132743363,0.40707964601769914,0.4083333333333333,10,7.666666666666666,6.782608695652174,1.2166666666666666,0.1592920353982301,6.782608695652174,7.666666666666666,11,12,82.6923076923077
CPL,857743,2015-07-11,2015,Barbados Tridents,Jamaica Tallawahs,1,0,0,17,146,120,129,120,7,7,48,48,17,34,36,55,30,8,7.299999999999999,1.2166666666666666,0.4,0.4,7,5.666666666666666,11.0,1.075,0.14166666666666666,11.0,5.666666666666666,8,11,50.641025641025635
CPL,857743,2015-07-11,2015,Jamaica Tallawahs,Barbados Tridents,0,1,0,-17,129,120,146,120,7,7,48,48,12,48,36,26,30,8,6.449999999999999,1.075,0.4,0.4,7,8.0,5.2,1.2166666666666666,0.1,5.2,8.0,8,10,14.743589743589745
CPL,857745,2015-07-12,2015,Guyana Amazon Warriors,Jamaica Tallawahs,1,0,0,84,179,120,95,95,3,10,38,50,21,39,36,69,30,11,8.95,1.4916666666666667,0.31666666666666665,0.5263157894736842,10,6.5,13.799999999999999,1.0,0.175,13.799999999999999,6.5,11,10,63.46153846153846
CPL,857745,2015-07-12,2015,Jamaica Tallawahs,Guyana Amazon Warriors,0,1,0,-84,95,95,179,120,10,3,50,38,12,37,36,1,5,11,6.0,1.0,0.5263157894736842,0.31666666666666665,3,6.166666666666666,1.2000000000000002,1.4916666666666667,0.12631578947368421,1.2000000000000002,6.166666666666666,11,10,14.743589743589745
CPL,857747,2015-07-14,2015,Trinidad & Tobago Red Steel,St Lucia Zouks,0,0,0,-1,90,54,91,54,4,6,13,19,11,54,36,0,0,8,10.0,1.6666666666666667,0.24074074074074073,0.35185185185185186,6,9.0,,1.6851851851851851,0.2037037037037037,,9.0,8,12,82.6923076923077
CPL,857747,2015-07-14,2015,St Lucia Zouks,Trinidad & Tobago Red Steel,1,1,0,1,91,54,90,54,6,4,19,13,13,57,36,0,0,8,10.11111111111111,1.6851851851851851,0.35185185185185186,0.24074074074074073,4,9.5,,1.6666666666666667,0.24074074074074073,,9.5,8,9,17.307692307692307
CPL,857751,2015-07-16,2015,Trinidad & Tobago Red Steel,Barbados Tridents,1,0,0,72,184,120,112,112,3,10,48,42,24,40,36,85,30,7,9.200000000000001,1.5333333333333334,0.4,0.375,10,6.666666666666667,17.0,1.0,0.2,17.0,6.666666666666667,7,12,82.6923076923077
CPL,857751,2015-07-16,2015,Barbados Tridents,Trinidad & Tobago Red Steel,0,1,0,-72,112,112,184,120,10,3,42,48,11,39,36,23,22,7,6.0,1.0,0.375,0.4,3,6.5,6.2727272727272725,1.5333333333333334,0.09821428571428571,6.2727272727272725,6.5,7,11,50.641025641025635
CPL,857753,2015-07-17,2015,St Lucia Zouks,Guyana Amazon Warriors,0,0,1,-1,111,120,112,108,7,7,51,52,10,43,36,31,30,6,5.550000000000001,0.925,0.425,0.48148148148148145,7,7.166666666666666,6.200000000000001,1.037037037037037,0.08333333333333333,6.200000000000001,7.166666666666666,6,9,17.307692307692307
CPL,857753,2015-07-17,2015,Guyana Amazon Warriors,St Lucia Zouks,1,1,1,1,112,108,111,120,7,7,52,51,12,47,36,22,18,6,6.222222222222221,1.037037037037037,0.48148148148148145,0.425,7,7.833333333333334,7.333333333333334,0.925,0.1111111111111111,7.333333333333334,7.833333333333334,6,10,63.46153846153846
CPL,857755,2015-07-18,2015,Trinidad & Tobago Red Steel,St Kitts and Nevis Patriots,1,0,0,11,134,84,123,84,5,7,36,35,19,44,36,0,0,8,9.571428571428573,1.5952380952380953,0.42857142857142855,0.4166666666666667,7,7.333333333333334,,1.4642857142857142,0.2261904761904762,,7.333333333333334,8,12,82.6923076923077
CPL,857755,2015-07-18,2015,St Kitts and Nevis Patriots,Trinidad & Tobago Red Steel,0,1,0,-11,123,84,134,84,7,5,35,36,16,56,36,0,0,8,8.785714285714285,1.4642857142857142,0.4166666666666667,0.42857142857142855,5,9.333333333333334,,1.5952380952380953,0.19047619047619047,,9.333333333333334,8,10,76.28205128205127
CPL,857757,2015-07-18,2015,Barbados Tridents,Guyana Amazon Warriors,1,0,0,14,125,120,111,120,9,6,64,60,14,37,36,49,30,11,6.25,1.0416666666666667,0.5333333333333333,0.5,6,6.166666666666666,9.8,0.925,0.11666666666666667,9.8,6.166666666666666,11,11,50.641025641025635
CPL,857757,2015-07-18,2015,Guyana Amazon Warriors,Barbados Tridents,0,1,0,-14,111,120,125,120,6,9,60,64,12,23,36,37,30,11,5.550000000000001,0.925,0.5,0.5333333333333333,9,3.833333333333333,7.4,1.0416666666666667,0.1,7.4,3.833333333333333,11,10,63.46153846153846
CPL,857759,2015-07-19,2015,Trinidad & Tobago Red Steel,Jamaica Tallawahs,1,0,1,7,145,120,138,120,3,9,36,58,12,40,36,53,30,6,7.25,1.2083333333333333,0.3,0.48333333333333334,9,6.666666666666667,10.6,1.15,0.1,10.6,6.666666666666667,6,12,82.6923076923077
CPL,857759,2015-07-19,2015,Jamaica Tallawahs,Trinidad & Tobago Red Steel,0,1,1,-7,138,120,145,120,9,3,58,36,15,55,36,44,30,6,6.8999999999999995,1.15,0.48333333333333334,0.3,3,9.166666666666666,8.799999999999999,1.2083333333333333,0.125,8.799999999999999,9.166666666666666,6,10,14.743589743589745
CPL,857761,2015-07-21,2015,Trinidad & Tobago Red Steel,Guyana Amazon Warriors,0,0,0,-1,117,120,118,102,8,3,55,43,12,44,36,30,30,8,5.85,0.975,0.4583333333333333,0.4215686274509804,3,7.333333333333334,6.0,1.1568627450980393,0.1,6.0,7.333333333333334,8,12,82.6923076923077
CPL,857761,2015-07-21,2015,Guyana Amazon Warriors,Trinidad & Tobago Red Steel,1,1,0,1,118,102,117,120,3,8,43,55,13,47,36,20,12,8,6.9411764705882355,1.1568627450980393,0.4215686274509804,0.4583333333333333,8,7.833333333333334,10.0,0.975,0.12745098039215685,10.0,7.833333333333334,8,10,63.46153846153846
CPL,857763,2015-07-23,2015,Trinidad & Tobago Red Steel,Jamaica Tallawahs,1,0,0,27,152,120,125,117,6,10,48,55,16,27,36,47,30,8,7.6,1.2666666666666666,0.4,0.4700854700854701,10,4.5,9.4,1.0683760683760684,0.13333333333333333,9.4,4.5,8,12,82.6923076923077
CPL,857763,2015-07-23,2015,Jamaica Tallawahs,Trinidad & Tobago Red Steel,0,1,0,-27,125,117,152,120,10,6,55,48,15,54,36,19,27,8,6.410256410256411,1.0683760683760684,0.4700854700854701,0.4,6,9.0,4.222222222222222,1.2666666666666666,0.1282051282051282,4.222222222222222,9.0,8,10,14.743589743589745
CPL,857765,2015-07-25,2015,Guyana Amazon Warriors,Trinidad & Tobago Red Steel,0,0,0,-1,108,120,109,111,9,4,56,61,11,40,36,31,30,6,5.4,0.9,0.4666666666666667,0.5495495495495496,4,6.666666666666667,6.200000000000001,0.9819819819819819,0.09166666666666666,6.200000000000001,6.666666666666667,6,10,63.46153846153846
CPL,857765,2015-07-25,2015,Trinidad & Tobago Red Steel,Guyana Amazon Warriors,1,1,0,1,109,111,108,120,4,9,61,56,13,48,36,20,21,6,5.891891891891891,0.9819819819819819,0.5495495495495496,0.4666666666666667,9,8.0,5.7142857142857135,0.9,0.11711711711711711,5.7142857142857135,8.0,6,12,82.6923076923077
CPL,857767,2015-07-26,2015,Trinidad & Tobago Red Steel,Barbados Tridents,1,0,0,20,178,120,158,120,5,4,41,36,22,32,36,62,30,5,8.9,1.4833333333333334,0.3416666666666667,0.3,4,5.333333333333333,12.400000000000002,1.3166666666666667,0.18333333333333332,12.400000000000002,5.333333333333333,5,12,82.6923076923077
CPL,857767,2015-07-26,2015,Barbados Tridents,Trinidad & Tobago Red Steel,0,1,0,-20,158,120,178,120,4,5,36,41,16,61,36,38,30,5,7.9,1.3166666666666667,0.3,0.3416666666666667,5,10.166666666666666,7.6,1.4833333333333334,0.13333333333333333,7.6,10.166666666666666,5,11,50.641025641025635
CPL,994669,2016-06-30,2016,St Kitts and Nevis Patriots,Guyana Amazon Warriors,0,0,0,-1,164,120,165,119,9,6,41,45,17,39,36,49,30,9,8.2,1.3666666666666667,0.3416666666666667,0.37815126050420167,6,6.5,9.8,1.3865546218487395,0.14166666666666666,9.8,6.5,9,8,30.128205128205128
CPL,994669,2016-06-30,2016,Guyana Amazon Warriors,St Kitts and Nevis Patriots,1,1,0,1,165,119,164,120,6,9,45,41,20,62,36,47,29,9,8.319327731092436,1.3865546218487395,0.37815126050420167,0.3416666666666667,9,10.333333333333334,9.724137931034482,1.3666666666666667,0.16806722689075632,9.724137931034482,10.333333333333334,9,9,0.641025641025641
CPL,994671,2016-07-02,2016,Jamaica Tallawahs,St Kitts and Nevis Patriots,1,0,1,5,153,120,148,120,7,7,47,49,19,46,36,48,30,6,7.6499999999999995,1.275,0.39166666666666666,0.4083333333333333,7,7.666666666666666,9.600000000000001,1.2333333333333334,0.15833333333333333,9.600000000000001,7.666666666666666,6,11,96.7948717948718
CPL,994671,2016-07-02,2016,St Kitts and Nevis Patriots,Jamaica Tallawahs,0,1,1,-5,148,120,153,120,7,7,49,47,14,40,36,45,30,6,7.4,1.2333333333333334,0.4083333333333333,0.39166666666666666,7,6.666666666666667,9.0,1.275,0.11666666666666667,9.0,6.666666666666667,6,8,30.128205128205128
CPL,994673,2016-07-03,2016,St Kitts and Nevis Patriots,St Lucia Zouks,1,0,0,58,203,120,145,119,7,5,36,40,25,69,36,65,30,9,10.15,1.6916666666666667,0.3,0.33613445378151263,5,11.5,13.0,1.218487394957983,0.20833333333333334,13.0,11.5,9,8,30.128205128205128
CPL,994673,2016-07-03,2016,St Lucia Zouks,St Kitts and Nevis Patriots,0,1,0,-58,145,119,203,120,5,7,40,36,14,55,36,35,29,9,7.310924369747898,1.218487394957983,0.33613445378151263,0.3,7,9.166666666666666,7.241379310344827,1.6916666666666667,0.11764705882352941,7.241379310344827,9.166666666666666,9,9,73.71794871794873
CPL,994677,2016-07-28,2016,Barbados Tridents,Guyana Amazon Warriors,0,0,0,-1,142,120,143,110,7,4,38,46,13,48,36,35,30,10,7.1,1.1833333333333333,0.31666666666666665,0.41818181818181815,4,8.0,7.0,1.3,0.10833333333333334,7.0,8.0,10,7,28.846153846153843
CPL,994677,2016-07-28,2016,Guyana Amazon Warriors,Barbados Tridents,1,1,0,1,143,110,142,120,4,7,46,38,19,51,36,28,20,10,7.800000000000001,1.3,0.41818181818181815,0.31666666666666665,7,8.5,8.399999999999999,1.1833333333333333,0.17272727272727273,8.399999999999999,8.5,10,9,0.641025641025641
CPL,994679,2016-07-29,2016,St Kitts and Nevis Patriots,Trinbago Knight Riders,1,0,0,34,180,120,146,108,5,10,42,34,22,65,36,39,30,9,9.0,1.5,0.35,0.3148148148148148,10,10.833333333333334,7.800000000000001,1.3518518518518519,0.18333333333333332,7.800000000000001,10.833333333333334,9,8,30.128205128205128
CPL,994679,2016-07-29,2016,Trinbago Knight Riders,St Kitts and Nevis Patriots,0,1,0,-34,146,108,180,120,10,5,34,42,15,46,36,23,18,9,8.11111111111111,1.3518518518518519,0.3148148148148148,0.35,5,7.666666666666666,7.666666666666666,1.5,0.1388888888888889,7.666666666666666,7.666666666666666,9,12,72.43589743589743
CPL,994681,2016-07-30,2016,St Lucia Zouks,Jamaica Tallawahs,1,0,0,63,206,120,143,120,3,8,34,53,26,60,36,58,30,8,10.299999999999999,1.7166666666666666,0.2833333333333333,0.44166666666666665,8,10.0,11.6,1.1916666666666667,0.21666666666666667,11.6,10.0,8,9,73.71794871794873
CPL,994681,2016-07-30,2016,Jamaica Tallawahs,St Lucia Zouks,0,1,0,-63,143,120,206,120,8,3,53,34,16,57,36,35,30,8,7.15,1.1916666666666667,0.44166666666666665,0.2833333333333333,3,9.5,7.0,1.7166666666666666,0.13333333333333333,7.0,9.5,8,11,96.7948717948718
CPL,994683,2016-07-30,2016,Barbados Tridents,Guyana Amazon Warriors,0,0,0,-3,158,120,161,117,6,4,42,46,17,38,36,47,30,7,7.9,1.3166666666666667,0.35,0.39316239316239315,4,6.333333333333334,9.4,1.376068376068376,0.14166666666666666,9.4,6.333333333333334,7,7,28.846153846153843
CPL,994683,2016-07-30,2016,Guyana Amazon Warriors,Barbados Tridents,1,1,0,3,161,117,158,120,4,6,46,42,18,44,36,49,27,7,8.256410256410255,1.376068376068376,0.39316239316239315,0.35,6,7.333333333333334,10.88888888888889,1.3166666666666667,0.15384615384615385,10.88888888888889,7.333333333333334,7,9,0.641025641025641
CPL,994685,2016-07-31,2016,St Kitts and Nevis Patriots,Trinbago Knight Riders,0,0,0,-1,137,120,138,102,6,2,54,38,14,37,36,36,30,4,6.85,1.1416666666666666,0.45,0.37254901960784315,2,6.166666666666666,7.199999999999999,1.3529411764705883,0.11666666666666667,7.199999999999999,6.166666666666666,4,8,30.128205128205128
CPL,994685,2016-07-31,2016,Trinbago Knight Riders,St Kitts and Nevis Patriots,1,1,0,1,138,102,137,120,2,6,38,54,17,48,36,18,12,4,8.117647058823529,1.3529411764705883,0.37254901960784315,0.45,6,8.0,9.0,1.1416666666666666,0.16666666666666666,9.0,8.0,4,12,72.43589743589743
CPL,994687,2016-07-31,2016,St Lucia Zouks,Jamaica Tallawahs,1,0,0,17,194,120,177,120,3,6,40,42,26,48,36,61,30,8,9.7,1.6166666666666667,0.3333333333333333,0.35,6,8.0,12.2,1.475,0.21666666666666667,12.2,8.0,8,9,73.71794871794873
CPL,994687,2016-07-31,2016,Jamaica Tallawahs,St Lucia Zouks,0,1,0,-17,177,120,194,120,6,3,42,40,24,51,36,42,30,8,8.850000000000001,1.475,0.35,0.3333333333333333,3,8.5,8.399999999999999,1.6166666666666667,0.2,8.399999999999999,8.5,8,11,96.7948717948718
